[{"id":653346,"title":"Kingdom of the Planet of the Apes","poster_path":"/gKkl37BQuKTanygYQG1pyYgLVgf.jpg"},{"id":573435,"title":"Bad Boys: Ride or Die","poster_path":"/nP6RliHjxsz4irTKsxe8FRhKZYl.jpg"},{"id":929590,"title":"Civil War","poster_path":"/sh7Rg8Er3tFcN9BpKIPOMvALgZd.jpg"},{"id":823464,"title":"Godzilla x Kong: The New Empire","poster_path":"/z1p34vh7dEOnLDmyCrlUVLuoDzd.jpg"},{"id":719221,"title":"Tarot","poster_path":"/gAEUXC37vl1SnM7PXsHTF23I2vq.jpg"},{"id":614933,"title":"Atlas","poster_path":"/bcM2Tl5HlsvPBnL8DKP9Ie6vU4r.jpg"},{"id":746036,"title":"The Fall Guy","poster_path":"/tSz1qsmSJon0rqjHBxXZmrotuse.jpg"},{"id":1022789,"title":"Inside Out 2","poster_path":"/vpnVM9B6NMmQpWeZvzLvDESb2QY.jpg"},{"id":1136318,"title":"Battle Over Britain","poster_path":"/8htJ7keZTwa08aC9OKyiqaq1cNJ.jpg"},{"id":786892,"title":"Furiosa: A Mad Max Saga","poster_path":"/iADOJ8Zymht2JPMoy3R7xceZprc.jpg"},{"id":437342,"title":"The First Omen","poster_path":"/uGyiewQnDHPuiHN9V4k2t9QBPnh.jpg"},{"id":1011985,"title":"Kung Fu Panda 4","poster_path":"/kDp1vUBnMpe8ak4rjgl3cLELqjU.jpg"},{"id":882059,"title":"Boy Kills World","poster_path":"/25JskXmchcYwj3jHRmcPm738MpB.jpg"},{"id":969686,"title":"4 Horsemen: Apocalypse","poster_path":"/dt3mo4tArf2llDiht91cnvUtSgT.jpg"},{"id":940721,"title":"Godzilla Minus One","poster_path":"/hkxxMIGaiCTmrEArK7J56JTKUlB.jpg"},{"id":955555,"title":"The Roundup: No Way Out","poster_path":"/lW6IHrtaATxDKYVYoQGU5sh0OVm.jpg"},{"id":980083,"title":"Top Gunner: Danger Zone","poster_path":"/29UCk1nvPzn2XubLk5rKDMlHBRu.jpg"},{"id":1001311,"title":"Under Paris","poster_path":"/qZPLK5ktRKa3CL4sKRZtj8UlPYc.jpg"},{"id":38700,"title":"Bad Boys for Life","poster_path":"/y95lQLnuNKdPAzw9F9Ab8kJ80c3.jpg"},{"id":1219685,"title":"Un père idéal","poster_path":"/4xJd3uwtL1vCuZgEfEc8JXI9Uyx.jpg"},{"id":693134,"title":"Dune: Part Two","poster_path":"/1pdfLvkbY9ohJlCjQH2CZjjYVvJ.jpg"},{"id":1264966,"title":"Silence of the Prey","poster_path":"/xRKmXt7036pVZ0OMNgzLsGa26pX.jpg"},{"id":984324,"title":"The Wages of Fear","poster_path":"/jFK2ZLQUzo9pea0jfMCHDfvWsx7.jpg"},{"id":150540,"title":"Inside Out","poster_path":"/2H1TmgdfNtsKlU9jKdeNyYL5y8T.jpg"},{"id":1041613,"title":"Immaculate","poster_path":"/fdZpvODTX5wwkD0ikZNaClE4AoW.jpg"},{"id":748783,"title":"The Garfield Movie","poster_path":"/p6AbOJvMQhBmffd0PIv0u8ghWeY.jpg"},{"id":1279104,"title":"The Legend of Catclaws Mountain","poster_path":"/4T3Gz4ZC8H6kaEpq56S4j3mI40L.jpg"},{"id":1096197,"title":"No Way Up","poster_path":"/hu40Uxp9WtpL34jv3zyWLb5zEVY.jpg"},{"id":660360,"title":"Noryang: Deadly Sea","poster_path":"/wFAe7gA513Pi2meI4ECwf6YEKR1.jpg"},{"id":1147400,"title":"Miraculous World: Paris, Tales of Shadybug and Claw Noir","poster_path":"/7Md3nuV0ZprBTnkdR3OrUCEsrSP.jpg"},{"id":967847,"title":"Ghostbusters: Frozen Empire","poster_path":"/e1J2oNzSBdou01sUvriVuoYp0pJ.jpg"},{"id":1025463,"title":"Bionic","poster_path":"/xVCYzdBE6lo3sUFK1OMZnXvpGtT.jpg"},{"id":996154,"title":"Black Lotus","poster_path":"/y3AeW200hqGLxoPyHMDHpzudylz.jpg"},{"id":940551,"title":"Migration","poster_path":"/ldfCF9RhR40mppkzmftxapaHeTo.jpg"},{"id":1087388,"title":"Sting","poster_path":"/zuSAZIG1PSrxFwPeAlGtg9LTwxo.jpg"},{"id":843527,"title":"The Idea of You","poster_path":"/zDi2U7WYkdIoGYHcYbM9X5yReVD.jpg"},{"id":1094844,"title":"Ape vs Mecha Ape","poster_path":"/dJaIw8OgACelojyV6YuVsOhtTLO.jpg"},{"id":1093995,"title":"Chief of Station","poster_path":"/uuA01PTtPombRPvL9dvsBqOBJWm.jpg"},{"id":1086747,"title":"The Watchers","poster_path":"/vZVEUPychdvZLrTNwWErr9xZFmu.jpg"},{"id":739547,"title":"Thelma the Unicorn","poster_path":"/yutiEZ7taGDNau2jGjKIdDwQpDw.jpg"},{"id":920342,"title":"Monster's Battlefield","poster_path":"/nBVYp2xxx2R02n21EGlDky8CgWR.jpg"},{"id":601796,"title":"Alienoid","poster_path":"/8QVDXDiOGHRcAD4oM6MXjE0osSj.jpg"},{"id":359410,"title":"Road House","poster_path":"/qbzMVUcNvT4bfRWniuOGGvZJJim.jpg"},{"id":1010581,"title":"My Fault","poster_path":"/w46Vw536HwNnEzOa7J24YH9DPRS.jpg"},{"id":974635,"title":"Hit Man","poster_path":"/5BfcYFhRVlgWLFo4SCkQNsIWzyy.jpg"},{"id":626412,"title":"Alienoid: Return to the Future","poster_path":"/4RClncz0GTKPZzSAcAalHCw0h3g.jpg"},{"id":872585,"title":"Oppenheimer","poster_path":"/8Gxv8gSFCU0XGDykEGv7zR1n2ua.jpg"},{"id":508947,"title":"Turning Red","poster_path":"/qsdjk9oAKSQMWs0Vt5Pyfh6O4GZ.jpg"},{"id":9737,"title":"Bad Boys","poster_path":"/x1ygBecKHfXX4M2kRhmFKWfWbJc.jpg"},{"id":978592,"title":"Sleeping Dogs","poster_path":"/5DwQhh1HvTo7edaOeMX49NUyZqy.jpg"},{"id":8961,"title":"Bad Boys II","poster_path":"/yCvB5fG5aEPqa1St7ihY6KEAsHD.jpg"},{"id":1064178,"title":"Hunt Club","poster_path":"/qmMazCTqdQNaqeCVeKysT6I3uz4.jpg"},{"id":1108354,"title":"Kali: Avenging Angel","poster_path":"/7GC0TEOQ1ljAhtvcwdthAbb5D3h.jpg"},{"id":492105,"title":"New Golden Lotus III","poster_path":"/2jkgMD8z1PdajX3zmYmKz4Xy3Fm.jpg"},{"id":1107387,"title":"Hachiko","poster_path":"/ofDUfrf3TOqvUxDrkYBgeBBaii7.jpg"},{"id":1211728,"title":"The 100 Candles Game: The Last Possession","poster_path":"/3hTBpHgivJQtdsjFPgAc3U8KxSX.jpg"},{"id":7451,"title":"xXx","poster_path":"/xeEw3eLeSFmJgXZzmF2Efww0q3s.jpg"},{"id":934632,"title":"Rebel Moon - Part Two: The Scargiver","poster_path":"/cxevDYdeFkiixRShbObdwAHBZry.jpg"},{"id":1111966,"title":"Mercy","poster_path":"/8voINwqMlscROrjhN97fGkmhvEV.jpg"},{"id":634492,"title":"Madame Web","poster_path":"/rULWuutDcN5NvtiZi4FRPzRYWSh.jpg"},{"id":1111966,"title":"Mercy","poster_path":"/8voINwqMlscROrjhN97fGkmhvEV.jpg"},{"id":937287,"title":"Challengers","poster_path":"/H6vke7zGiuLsz4v4RPeReb9rsv.jpg"},{"id":1072589,"title":"Slyth: The Hunt Saga","poster_path":"/6muOqoxmcR1AzHhiKaPUfvvpCIq.jpg"},{"id":1105407,"title":"Damaged","poster_path":"/eacWm6jPrjkpqhi4VzwqYeJWL6k.jpg"},{"id":76341,"title":"Mad Max: Fury Road","poster_path":"/hA2ple9q4qnwxp3hKVNhroipsir.jpg"},{"id":438631,"title":"Dune","poster_path":"/d5NXSklXo0qyIYkgV94XAgMIckC.jpg"},{"id":1284004,"title":"May the 12th Be with You","poster_path":"/sHJ2OIgpcpSmhqXkuSWxZ3nwg1S.jpg"},{"id":935271,"title":"After the Pandemic","poster_path":"/p1LbrdJ53dGfEhRopG71akfzOVu.jpg"},{"id":634521,"title":"The Promised Neverland","poster_path":"/7tMAledkia9p72zON1nLRlyfHO7.jpg"},{"id":1062807,"title":"SPY x FAMILY CODE: White","poster_path":"/xlIQf4y9eB14iYzNN142tROIWON.jpg"},{"id":1263421,"title":"Baki Hanma VS Kengan Ashura","poster_path":"/etbHJxil0wHvYOCmibzFLsMcl2C.jpg"},{"id":1151703,"title":"Island Escape","poster_path":"/5TA3AmwWKasVMRFGXZk0gRv2Oz6.jpg"},{"id":577922,"title":"Tenet","poster_path":"/k68nPLbIST6NP96JmTxmZijEvCA.jpg"},{"id":1211307,"title":"Weeding Night","poster_path":"/2iQoSPyAGHseY5NhMM28orLkxjq.jpg"},{"id":1034751,"title":"Vampiras: The Brides","poster_path":"/vGl6JzSvwfTllfw4UZ9MD8nD42Y.jpg"},{"id":1290938,"title":"South Park: The End of Obesity","poster_path":"/zxM1AIKBP83plf2buLR0cbGfvl2.jpg"},{"id":533535,"title":"Deadpool & Wolverine","poster_path":"/jbwYaoYWZwxtPP76AZnfYKQjCEB.jpg"},{"id":787699,"title":"Wonka","poster_path":"/qhb1qOilapbapxWQn9jtRCMwXJF.jpg"},{"id":385687,"title":"Fast X","poster_path":"/fiVW06jE7z9YnO4trhaMEdclSiC.jpg"},{"id":845111,"title":"The Three Musketeers: Milady","poster_path":"/rtosxP5sXuoRFPH4sVbMccLIPiV.jpg"},{"id":626412,"title":"Alienoid: Return to the Future","poster_path":"/4RClncz0GTKPZzSAcAalHCw0h3g.jpg"},{"id":720321,"title":"Breathe","poster_path":"/wTW2t8ocWDlHns8I7vQxuqkyK58.jpg"},{"id":514847,"title":"The Hunt","poster_path":"/wxPhn4ef1EAo5njxwBkAEVrlJJG.jpg"},{"id":335983,"title":"Venom","poster_path":"/2uNW4WbgBXL25BAbXGLnLqX71Sw.jpg"},{"id":976906,"title":"Spitfire Over Berlin","poster_path":"/xtPPOPTad1qopK6uDe3VlYUa22o.jpg"},{"id":329865,"title":"Arrival","poster_path":"/pEzNVQfdzYDzVK0XqxERIw2x2se.jpg"},{"id":119450,"title":"Dawn of the Planet of the Apes","poster_path":"/kScdQEwS9jPEdnO23XjGAtaoRcT.jpg"},{"id":1057001,"title":"The Childe","poster_path":"/ydC8ubFXQfkPJDhkduMhbE9mTz7.jpg"},{"id":414906,"title":"The Batman","poster_path":"/74xTEgt7R36Fpooo50r9T25onhq.jpg"},{"id":1027535,"title":"Slasher","poster_path":"/vuJbekPe5rxkq8rCmsGEfgSzyH2.jpg"},{"id":846967,"title":"Usogui","poster_path":"/pA1S8w1bcjowzcu41re6bfZmsFx.jpg"},{"id":293660,"title":"Deadpool","poster_path":"/3E53WEZJqP6aM84D8CckXx4pIHw.jpg"},{"id":838209,"title":"Exhuma","poster_path":"/pQYHouPsDw32FhDLr7E3jmw0WTk.jpg"},{"id":1294849,"title":"Perra Vida","poster_path":"/yAvQOUhmvlo0yrLj2Swnj9gSX5k.jpg"},{"id":960469,"title":"Natty Knocks","poster_path":"/sazh8qNbkHDPDSzAhpaRiWXWU98.jpg"},{"id":218,"title":"The Terminator","poster_path":"/qvktm0BHcnmDpul4Hz01GIazWPr.jpg"},{"id":1142414,"title":"Cheat","poster_path":"/qDHxW0SgM8vbQPhWubXzYR1KGvz.jpg"},{"id":935999,"title":"Hunted","poster_path":"/cdVz9dUv2YvNQil4svLAiUTuY28.jpg"},{"id":8920,"title":"Garfield","poster_path":"/vqwTSWNLyH55g8kBT61s2DgNYEp.jpg"},{"id":43074,"title":"Ghostbusters","poster_path":"/wJmWliwXIgZOCCVOcGRBhce7xPS.jpg"},{"id":43074,"title":"Ghostbusters","poster_path":"/wJmWliwXIgZOCCVOcGRBhce7xPS.jpg"},{"id":533535,"title":"Deadpool & Wolverine","poster_path":"/jbwYaoYWZwxtPP76AZnfYKQjCEB.jpg"},{"id":405774,"title":"Bird Box","poster_path":"/rGfGfgL2pEPCfhIvqHXieXFn7gp.jpg"},{"id":1067833,"title":"The Witch Game","poster_path":"/fdlnwjvF5kAyi5jk3lv0swTWLRl.jpg"},{"id":912649,"title":"Venom: The Last Dance","poster_path":"/8mRrl8lc7TrbdA1PFzUhQ0nFZ7R.jpg"},{"id":284053,"title":"Thor: Ragnarok","poster_path":"/rzRwTcFvttcN1ZpX2xv4j3tSdJu.jpg"},{"id":942047,"title":"Outsource","poster_path":"/zIAF0UXtCJTJOYNYWiBfyifaaOi.jpg"},{"id":1022796,"title":"Wish","poster_path":"/vgJZSqKMXWDDx09iSIStGKfHMku.jpg"},{"id":763215,"title":"Damsel","poster_path":"/AgHbB9DCE9aE57zkHjSmseszh6e.jpg"},{"id":1239251,"title":"Megamind vs. the Doom Syndicate","poster_path":"/1N7terrMeZPwK5qq31MUD0HQ3IG.jpg"},{"id":298618,"title":"The Flash","poster_path":"/rktDFPbfHfUbArZ6OOOKsXcv0Bm.jpg"},{"id":348,"title":"Alien","poster_path":"/vfrQk5IPloGg1v9Rzbh2Eg3VGyM.jpg"},{"id":856289,"title":"Creation of the Gods I: Kingdom of Storms","poster_path":"/1v5ZteB49M0RUGYrf9R37Mz8yo2.jpg"},{"id":603,"title":"The Matrix","poster_path":"/f89U3ADr1oiB1s9GkdPOEpXUk5H.jpg"},{"id":299537,"title":"Captain Marvel","poster_path":"/AtsgWhDnHTq68L0lLsUrCnM7TjG.jpg"},{"id":624091,"title":"Sri Asih","poster_path":"/wShcJSKMFg1Dy1yq7kEZuay6pLS.jpg"},{"id":760104,"title":"X","poster_path":"/A7YPhQKdcr6XB1kCUdS4tHifYWd.jpg"},{"id":680,"title":"Pulp Fiction","poster_path":"/d5iIlFn5s0ImszYzBPb8JPIfbXD.jpg"},{"id":299536,"title":"Avengers: Infinity War","poster_path":"/7WsyChQLEftFiDOVTGkv3hFpyyt.jpg"},{"id":346698,"title":"Barbie","poster_path":"/iuFNMS8U5cb6xfzi51Dbkovj7vM.jpg"},{"id":281338,"title":"War for the Planet of the Apes","poster_path":"/mMA1qhBFgZX8O36qPPTC016kQl1.jpg"},{"id":297802,"title":"Aquaman","poster_path":"/zdw7Wf97vsQ0YnGomxDqfcEdUjX.jpg"},{"id":1239146,"title":"Woody Woodpecker Goes to Camp","poster_path":"/gaINMBMGIow4kd8Dq06aytoomtS.jpg"},{"id":821937,"title":"578: Magnum","poster_path":"/8Nw5v7wPfa2FwbKyx61K2nIBcKa.jpg"},{"id":502356,"title":"The Super Mario Bros. Movie","poster_path":"/qNBAXBIQlnOThrVvA6mA2B5ggV6.jpg"},{"id":667538,"title":"Transformers: Rise of the Beasts","poster_path":"/gPbM0MK8CP8A174rmUwGsADNYKD.jpg"},{"id":299536,"title":"Avengers: Infinity War","poster_path":"/7WsyChQLEftFiDOVTGkv3hFpyyt.jpg"},{"id":1209288,"title":"Justice League: Crisis on Infinite Earths Part Two","poster_path":"/g8ak4QAGLZpqMs3CpnFHWWfIzJQ.jpg"},{"id":1216299,"title":"The Night They Came Home","poster_path":"/6Bd17axAG0qJ6YIU3SoootXV0Cz.jpg"},{"id":603692,"title":"John Wick: Chapter 4","poster_path":"/vZloFAK7NmvMGKE7VkF5UHaz0I.jpg"},{"id":263115,"title":"Logan","poster_path":"/fnbjcRDYn6YviCcePDnGdyAkYsB.jpg"},{"id":699280,"title":"Becoming","poster_path":"/f0vo1yoEVlbpJ0Fkn0FgU7dTrO8.jpg"},{"id":297762,"title":"Wonder Woman","poster_path":"/imekS7f1OuHyUP2LAiTEM0zBzUz.jpg"},{"id":866398,"title":"The Beekeeper","poster_path":"/A7EByudX0eOzlkQ2FIbogzyazm2.jpg"},{"id":10138,"title":"Iron Man 2","poster_path":"/6WBeq4fCfn7AN0o21W9qNcRF2l9.jpg"},{"id":62,"title":"2001: A Space Odyssey","poster_path":"/ve72VxNqjGM69Uky4WTo2bK6rfq.jpg"},{"id":618588,"title":"Arthur the King","poster_path":"/zkKB3kOun5DKAkm61pHvLbrjxfa.jpg"},{"id":580489,"title":"Venom: Let There Be Carnage","poster_path":"/1MJNcPZy46hIy2CmSqOeru0yr5C.jpg"},{"id":1049948,"title":"Vikings: Battle of Heirs","poster_path":"/87goLbbqrJqAxqDS5cBsik1zKT.jpg"},{"id":976573,"title":"Elemental","poster_path":"/4Y1WNkd88JXmGfhtWR7dmDAo1T2.jpg"},{"id":634649,"title":"Spider-Man: No Way Home","poster_path":"/1g0dhYtq4irTY1GPXvft6k4YLjm.jpg"},{"id":895959,"title":"Float","poster_path":"/kPpaxvoQJ2xomVtirSqbDDNl79T.jpg"},{"id":603,"title":"The Matrix","poster_path":"/f89U3ADr1oiB1s9GkdPOEpXUk5H.jpg"},{"id":284054,"title":"Black Panther","poster_path":"/uxzzxijgPIY7slzFvMotPv8wjKA.jpg"},{"id":1071866,"title":"Space Pups","poster_path":"/jKrQikFt0fhkGTZ79d9DsS7y73z.jpg"},{"id":1072790,"title":"Anyone But You","poster_path":"/yRt7MGBElkLQOYRvLTT1b3B1rcp.jpg"},{"id":11,"title":"Star Wars","poster_path":"/6FfCtAuVAW8XJjZ7eWeLibRLWTw.jpg"},{"id":812037,"title":"Last Summer","poster_path":"/8WwVhNc2dPtmPiwnm5MdKRHmeUQ.jpg"},{"id":784651,"title":"Fighter","poster_path":"/zDZowwb9GZGEctAu2PCpjiPQAMM.jpg"},{"id":157336,"title":"Interstellar","poster_path":"/gEU2QniE6E77NI6lCU6MxlNBvIx.jpg"},{"id":808,"title":"Shrek","poster_path":"/iB64vpL3dIObOtMZgX3RqdVdQDc.jpg"},{"id":475557,"title":"Joker","poster_path":"/udDclJoHjfjb8Ekgsd4FDteOkCU.jpg"},{"id":569094,"title":"Spider-Man: Across the Spider-Verse","poster_path":"/8Vt6mWEReuy4Of61Lnj5Xj704m8.jpg"},{"id":758679,"title":"Mothers' Instinct","poster_path":"/xscMEP5VsvCLxFvrDQD84biWsLA.jpg"},{"id":1012201,"title":"HAIKYU!! The Dumpster Battle","poster_path":"/ntRU0OA4etGGiMMmH1Yw0bnaMdW.jpg"},{"id":61791,"title":"Rise of the Planet of the Apes","poster_path":"/cjLsuP75UDlRdJVMXzXg3TJ4umX.jpg"},{"id":1156593,"title":"Your Fault","poster_path":"/iWUouGcOAB49ASJV45HD5JL1pxC.jpg"},{"id":1171462,"title":"Golden Kamuy","poster_path":"/sLcRGIJqlJeoGGk88CtA8Ida5aq.jpg"},{"id":1700,"title":"Misery","poster_path":"/23Y65uWaVMpqfbZTN3CT0aei4D5.jpg"},{"id":49047,"title":"Gravity","poster_path":"/kZ2nZw8D681aphje8NJi8EfbL1U.jpg"},{"id":850888,"title":"Sayen: The Huntress","poster_path":"/upKD8UbH8vQ798aMWgwMxV8t4yk.jpg"},{"id":508883,"title":"The Boy and the Heron","poster_path":"/y9xS5NQTBnFjDoXhSFQeGxlmkoM.jpg"},{"id":615656,"title":"Meg 2: The Trench","poster_path":"/4m1Au3YkjqsxF8iwQy0fPYSxE0h.jpg"},{"id":865921,"title":"Return of Special Forces 5","poster_path":"/i28T4z3JxRf6xwuunXAedTxkNDX.jpg"},{"id":16320,"title":"Serenity","poster_path":"/4sqUOaPFoP2W81mq1UYqZqf5WzA.jpg"},{"id":1008437,"title":"Baby Shark's Big Movie","poster_path":"/pF9Y5H5x94Tuo6xAZBCrGG8Wvq5.jpg"},{"id":513310,"title":"Boss Level","poster_path":"/i6QFXv4lZyxRMknH0EDkCIz02XP.jpg"},{"id":126889,"title":"Alien: Covenant","poster_path":"/zecMELPbU5YMQpC81Z8ImaaXuf9.jpg"},{"id":1366,"title":"Rocky","poster_path":"/cqxg1CihGR5ge0i1wYXr4Rdeppu.jpg"},{"id":206647,"title":"Spectre","poster_path":"/zj8ongFhtWNsVlfjOGo8pSr7PQg.jpg"},{"id":509,"title":"Notting Hill","poster_path":"/hHRIf2XHeQMbyRb3HUx19SF5Ujw.jpg"},{"id":507089,"title":"Five Nights at Freddy's","poster_path":"/A4j8S6moJS2zNtRR8oWF08gRnL5.jpg"},{"id":1181548,"title":"Heart of the Hunter","poster_path":"/n726fdyL1dGwt15bY7Nj3XOXc4Q.jpg"},{"id":497698,"title":"Black Widow","poster_path":"/kwB7d51AIcyzPOBOHLCEZJkmPhQ.jpg"},{"id":1010600,"title":"The Strangers: Chapter 1","poster_path":"/qyT2xw9FBxHlNXQYsuNCu8T7Rbo.jpg"},{"id":1175156,"title":"The Price of Nonna's Inheritance","poster_path":"/w4wRjLvRhQ3RZtY2YPYs1IrJbX1.jpg"},{"id":799583,"title":"The Ministry of Ungentlemanly Warfare","poster_path":"/8aF0iAKH9MJMYAZdi0Slg77RYa2.jpg"},{"id":654739,"title":"Hard Hit","poster_path":"/y2Aimt8isimtigec3e4kB2G9FMR.jpg"},{"id":275,"title":"Fargo","poster_path":"/rt7cpEr1uP6RTZykBFhBTcRaKvG.jpg"},{"id":1073087,"title":"Scrambled","poster_path":"/yzwERLkcxNh9uve42IAUBHckU0s.jpg"},{"id":61856,"title":"Courage of Lassie","poster_path":"/gRff56Vpe3xw9I94k7gFa2NR68s.jpg"},{"id":315162,"title":"Puss in Boots: The Last Wish","poster_path":"/kuf6dutpsT0vSVehic3EZIqkOBt.jpg"},{"id":76600,"title":"Avatar: The Way of Water","poster_path":"/t6HIqrRAclMCA60NsSmeqe9RmNV.jpg"},{"id":845783,"title":"Baghead","poster_path":"/lbOyeiiRYAE6Nm2e7xiNAAaRwZB.jpg"},{"id":1029575,"title":"The Family Plan","poster_path":"/jLLtx3nTRSLGPAKl4RoIv1FbEBr.jpg"},{"id":572802,"title":"Aquaman and the Lost Kingdom","poster_path":"/7lTnXOy0iNtBAdRP3TZvaKJ77F6.jpg"},{"id":106646,"title":"The Wolf of Wall Street","poster_path":"/34m2tygAYBGqA9MXKhRDtzYd4MR.jpg"},{"id":1045931,"title":"Crew","poster_path":"/7aYI3oubXqbqI9IZ2OedNieVzi5.jpg"},{"id":482706,"title":"Oligosaccharide The Movie","poster_path":"/sBrpywCT5M1p5H5oaS5QpruH15Y.jpg"},{"id":490132,"title":"Green Book","poster_path":"/7BsvSuDQuoqhWmU2fL7W2GOcZHU.jpg"},{"id":406898,"title":"The Demon Wet Nurse","poster_path":"/q0z4npfVI7Xh6jDPbHYJ6RUeFpf.jpg"},{"id":1115395,"title":"Colors of Evil: Red","poster_path":"/5NAdIXaF2AhewMFMqFvbxZmDC3M.jpg"},{"id":106,"title":"Predator","poster_path":"/k3mW4qfJo6SKqe6laRyNGnbB9n5.jpg"},{"id":807,"title":"Se7en","poster_path":"/6yoghtyTpznpBik8EngEmJskVUO.jpg"},{"id":753342,"title":"Napoleon","poster_path":"/vcZWJGvB5xydWuUO1vaTLI82tGi.jpg"},{"id":597891,"title":"Kate","poster_path":"/uJgdT1boTSP0dDIjdTgGleg71l4.jpg"},{"id":1211483,"title":"Skal - Fight for Survival","poster_path":"/1On8iF3AsFIbpyfZg1xiGWMAFBn.jpg"},{"id":315635,"title":"Spider-Man: Homecoming","poster_path":"/c24sv2weTHPsmDa7jEMN0m2P3RT.jpg"},{"id":932420,"title":"Code 8 Part II","poster_path":"/hhvMTxlTZtnCOe7YFhod9uz3m37.jpg"},{"id":938614,"title":"Late Night with the Devil","poster_path":"/u3YQJctMzFN2wAvnkmXy41bXhFv.jpg"},{"id":938614,"title":"Late Night with the Devil","poster_path":"/u3YQJctMzFN2wAvnkmXy41bXhFv.jpg"},{"id":508943,"title":"Luca","poster_path":"/jTswp6KyDYKtvC52GbHagrZbGvD.jpg"},{"id":870404,"title":"Meteor","poster_path":"/tVMddOS5bi3YPVPgTPlEw0TOWoF.jpg"},{"id":1701,"title":"Con Air","poster_path":"/kOKjgrEzGOP92rVQ6srA9jtp60l.jpg"},{"id":1924,"title":"Superman","poster_path":"/d7px1FQxW4tngdACVRsCSaZq0Xl.jpg"},{"id":141,"title":"Donnie Darko","poster_path":"/fhQoQfejY1hUcwyuLgpBrYs6uFt.jpg"},{"id":620,"title":"Ghostbusters","poster_path":"/7E8nLijS9AwwUEPu2oFYOVKhdFA.jpg"},{"id":27205,"title":"Inception","poster_path":"/oYuLEt3zVCKq57qu2F8dT7NIa6f.jpg"},{"id":1093231,"title":"Mother of the Bride","poster_path":"/vdTvwykMWvVgdaViBVRh8IFTku5.jpg"},{"id":897087,"title":"Freelance","poster_path":"/7Bd4EUOqQDKZXA6Od5gkfzRNb0.jpg"},{"id":832262,"title":"Force of Nature","poster_path":"/sw4M0jLT04FM1p3C2XQ3il50wgV.jpg"},{"id":578,"title":"Jaws","poster_path":"/lxM6kqilAdpdhqUl2biYp5frUxE.jpg"},{"id":1125311,"title":"Imaginary","poster_path":"/9u6HEtZJdZDjPGGJq6YEuhPnoan.jpg"},{"id":1231574,"title":"My Oni Girl","poster_path":"/k69kkwsipkPn7Nzq488kHGQTPo.jpg"},{"id":1028703,"title":"The OctoGames","poster_path":"/qGz5rffXhegQH5PGUDiObqoOt06.jpg"},{"id":2666,"title":"Dark City","poster_path":"/AdBe2ow8hdlT2aLBYuUjs0Xkqkw.jpg"},{"id":320288,"title":"Dark Phoenix","poster_path":"/cCTJPelKGLhALq3r51A9uMonxKj.jpg"},{"id":1077280,"title":"Die Hart","poster_path":"/ff9iMXJjtRdm58nRzM88sNr5CTu.jpg"},{"id":695721,"title":"The Hunger Games: The Ballad of Songbirds & Snakes","poster_path":"/mBaXZ95R2OxueZhvQbcEWy2DqyO.jpg"},{"id":400928,"title":"Gifted","poster_path":"/7YB2YrMwIm1g8FyZtlvmVDfRnAT.jpg"},{"id":506574,"title":"Descendants 3","poster_path":"/7IRy0iHdaS0JI3ng4ZYlk5gLSFn.jpg"},{"id":383498,"title":"Deadpool 2","poster_path":"/to0spRl1CMDvyUbOnbb4fTk3VAd.jpg"},{"id":339846,"title":"Baywatch","poster_path":"/6HE4xd8zloDqmjMZuhUCCw2UcY1.jpg"},{"id":893334,"title":"The Adventures of Maid Marian","poster_path":"/oPXzCV01ysDmnmpJOkiVqaZQ5QR.jpg"},{"id":792307,"title":"Poor Things","poster_path":"/kCGlIMHnOm8JPXq3rXM6c5wMxcT.jpg"},{"id":641934,"title":"Am I OK?","poster_path":"/qKkaG7HVFVe7C1JuxTGwNz0eSyL.jpg"},{"id":520763,"title":"A Quiet Place Part II","poster_path":"/4q2hz2m8hubgvijz8Ez0T2Os2Yv.jpg"},{"id":381288,"title":"Split","poster_path":"/lli31lYTFpvxVBeFHWoe5PMfW5s.jpg"},{"id":515195,"title":"Yesterday","poster_path":"/9fYka5CQt9nrb6LOtKicysUf9NA.jpg"},{"id":284052,"title":"Doctor Strange","poster_path":"/7WfK17BXE6szXlm4WOxfswgbdsL.jpg"},{"id":1127108,"title":"A Part of You","poster_path":"/rv3FLJ4kLoeFpL6sLSB3tCWLO9f.jpg"},{"id":505642,"title":"Black Panther: Wakanda Forever","poster_path":"/sv1xJUazXeYqALzczSZ3O6nkH75.jpg"},{"id":505600,"title":"Booksmart","poster_path":"/micaVOa1UZsdzs4fKGA67ZMGOzc.jpg"},{"id":1063879,"title":"Infested","poster_path":"/dY98PkUAbIGUUg0FhXEcOkbzHIZ.jpg"},{"id":948549,"title":"Love Lies Bleeding","poster_path":"/p7jyFWiLyHPttqYBFAlLJwtYTYH.jpg"},{"id":526896,"title":"Morbius","poster_path":"/6JjfSchsU6daXk2AKX8EEBjO3Fm.jpg"},{"id":522016,"title":"The 355","poster_path":"/zxizwEPE8jhpbMgrFbwCztgvh2m.jpg"},{"id":862,"title":"Toy Story","poster_path":"/uXDfjJbdP4ijW5hWSBrPrlKpxab.jpg"},{"id":901362,"title":"Trolls Band Together","poster_path":"/bkpPTZUdq31UGDovmszsg2CchiI.jpg"},{"id":508,"title":"Love Actually","poster_path":"/1ODdWLpyOnIVl0l67GrdaFDlJGf.jpg"},{"id":508,"title":"Love Actually","poster_path":"/1ODdWLpyOnIVl0l67GrdaFDlJGf.jpg"},{"id":762441,"title":"A Quiet Place: Day One","poster_path":"/yrpPYKijwdMHyTGIOd1iK1h0Xno.jpg"},{"id":212778,"title":"Chef","poster_path":"/yMtKHR6VG1Yagvv5F7IFpsGBm66.jpg"},{"id":615777,"title":"Babylon","poster_path":"/wjOHjWCUE0YzDiEzKv8AfqHj3ir.jpg"},{"id":103,"title":"Taxi Driver","poster_path":"/ekstpH614fwDX8DUln1a2Opz0N8.jpg"},{"id":50619,"title":"The Twilight Saga: Breaking Dawn - Part 1","poster_path":"/qs8LsHKYlVRmJbFUiSUhhRAygwj.jpg"},{"id":974036,"title":"Ordinary Angels","poster_path":"/wdi9kEU4W2UeBTtdqOPZISGMtDR.jpg"},{"id":508442,"title":"Soul","poster_path":"/hm58Jw4Lw8OIeECIq5qyPYhAeRJ.jpg"},{"id":68730,"title":"Silence","poster_path":"/x5T0cQDYws0xRBVG4Q3wpcrcmax.jpg"},{"id":617127,"title":"Blade","poster_path":"/fKqA4rgVJwrM7Gb3tQ9TGHnu8Tr.jpg"},{"id":324857,"title":"Spider-Man: Into the Spider-Verse","poster_path":"/iiZZdoQBEYBv6id8su7ImL0oCbD.jpg"},{"id":926393,"title":"The Equalizer 3","poster_path":"/b0Ej6fnXAP8fK75hlyi2jKqdhHz.jpg"},{"id":9482,"title":"Judge Dredd","poster_path":"/cfSnKn8NDU3m8UxihjVcYprA0Aq.jpg"},{"id":1027604,"title":"Princess Cursed in Time: Alchemist's Quest","poster_path":"/ywzbF5YSBfZ7XqcGO9YR6Gy4VFt.jpg"},{"id":670292,"title":"The Creator","poster_path":"/vBZ0qvaRxqEhZwl6LWmruJqWE8Z.jpg"},{"id":1212073,"title":"Sixty Minutes","poster_path":"/jojfbnIHGsRpodIood3OQoqA45Y.jpg"},{"id":1027073,"title":"In the Land of Saints and Sinners","poster_path":"/443c0xNTLackGkFOKfbPClKMpIk.jpg"},{"id":447365,"title":"Guardians of the Galaxy Vol. 3","poster_path":"/r2J02Z2OpNTctfOSN1Ydgii51I3.jpg"},{"id":766507,"title":"Prey","poster_path":"/ujr5pztc1oitbe7ViMUOilFaJ7s.jpg"},{"id":5548,"title":"RoboCop","poster_path":"/hHtOgGb3NihlyRATHlKPaFApbrd.jpg"},{"id":447365,"title":"Guardians of the Galaxy Vol. 3","poster_path":"/r2J02Z2OpNTctfOSN1Ydgii51I3.jpg"},{"id":766507,"title":"Prey","poster_path":"/ujr5pztc1oitbe7ViMUOilFaJ7s.jpg"},{"id":5548,"title":"RoboCop","poster_path":"/hHtOgGb3NihlyRATHlKPaFApbrd.jpg"},{"id":438695,"title":"Sing 2","poster_path":"/aWeKITRFbbwY8txG5uCj4rMCfSP.jpg"},{"id":361743,"title":"Top Gun: Maverick","poster_path":"/62HCnUTziyWcpDaBO2i1DX17ljH.jpg"},{"id":505948,"title":"I Am Mother","poster_path":"/b3jWxwWRFqvNDJTvBcmKJVHnzKK.jpg"},{"id":1137142,"title":"Lumberjack the Monster","poster_path":"/iJEooh8xKJj4lhHNpSgXNxoEKrn.jpg"},{"id":22,"title":"Pirates of the Caribbean: The Curse of the Black Pearl","poster_path":"/poHwCZeWzJCShH7tOjg8RIoyjcw.jpg"},{"id":1128992,"title":"Chabuca","poster_path":"/olmMIqztS1ClgqFixpbEGoAS2Qy.jpg"},{"id":13633,"title":"Bad Boys","poster_path":"/5nHZ3wflOifKJMUcTCw0isKhmCv.jpg"},{"id":1131751,"title":"Thabo and the Rhino Case","poster_path":"/e8cE3haFcFN2pFMOFdB4EnZQQqk.jpg"},{"id":496243,"title":"Parasite","poster_path":"/7IiTTgloJzvGI1TAYymCfbfl3vT.jpg"},{"id":794,"title":"The Omen","poster_path":"/p0LcWxOIoBx0MEZMn8tFcrvDXR1.jpg"},{"id":1127166,"title":"The Tearsmith","poster_path":"/uoBHsxSgfc3PQsSn98RfnbePHOy.jpg"},{"id":968051,"title":"The Nun II","poster_path":"/5gzzkR7y3hnY8AD1wXjCnVlHba5.jpg"},{"id":105,"title":"Back to the Future","poster_path":"/fNOH9f1aA7XRTzl1sAOx9iF553Q.jpg"},{"id":15,"title":"Citizen Kane","poster_path":"/sav0jxhqiH0bPr2vZFU0Kjt2nZL.jpg"},{"id":575264,"title":"Mission: Impossible - Dead Reckoning Part One","poster_path":"/NNxYkU70HPurnNCSiCjYAmacwm.jpg"},{"id":848538,"title":"Argylle","poster_path":"/siduVKgOnABO4WH4lOwPQwaGwJp.jpg"},{"id":873972,"title":"Hunters","poster_path":"/3UKlVa1CBeQkRksHV5OfFTO52qd.jpg"},{"id":522162,"title":"Midway","poster_path":"/hj8pyoNnynGeJTAbl7jcLZO8Uhx.jpg"},{"id":323260,"title":"The Gigolo","poster_path":"/v0YIyJc5EtAGciCZsvqsW2QPRAr.jpg"},{"id":1056380,"title":"The Coffee Table","poster_path":"/r8S7cc676EfgfUDVQKPrqRlbRFz.jpg"},{"id":984249,"title":"Ruthless","poster_path":"/4ndp1pnHWRuiZLNpFJvO4Kh6Tav.jpg"},{"id":933131,"title":"Badland Hunters","poster_path":"/sdI9ufheNPAKnWLl2hnsZKVk0EG.jpg"},{"id":671,"title":"Harry Potter and the Philosopher's Stone","poster_path":"/wuMc08IPKEatf9rnMNXvIDxqP4W.jpg"},{"id":339403,"title":"Baby Driver","poster_path":"/rmnQ9jKW72bHu8uKlMjPIb2VLMI.jpg"},{"id":395990,"title":"Death Wish","poster_path":"/g0eEEZAqMf98ULQnoiORuazjOpn.jpg"},{"id":1209450,"title":"National Family","poster_path":"/oSAzrJ0AjFZLUCcHT8YAnuD7egp.jpg"},{"id":998846,"title":"Back to Black","poster_path":"/xHQEeUT3Ac4fTY72UeNrI75xLtE.jpg"},{"id":1124127,"title":"Air Force One Down","poster_path":"/nKPoSD4pZ3s3CJ9g3cqWRcQ41TC.jpg"},{"id":1209285,"title":"We Treat Women Too Well","poster_path":"/nhuhSNJfQ5Qgg1hr2XiyPuBz2hv.jpg"},{"id":799155,"title":"Attack","poster_path":"/5jGKbYuZtdxSNOocI6ZziQeiY4n.jpg"},{"id":439079,"title":"The Nun","poster_path":"/sFC1ElvoKGdHJIWRpNB3xWJ9lJA.jpg"},{"id":1270880,"title":"Katt Williams: Woke Foke","poster_path":"/hjgAEcu8JEpeF7KEtmjTzPFD3uL.jpg"},{"id":370464,"title":"The Masked Saint","poster_path":"/zlT1Tc9hA1Ntye5hr7Gxos9U6U9.jpg"},{"id":141052,"title":"Justice League","poster_path":"/eifGNCSDuxJeS1loAXil5bIGgvC.jpg"},{"id":893723,"title":"PAW Patrol: The Mighty Movie","poster_path":"/aTvePCU7exLepwg5hWySjwxojQK.jpg"},{"id":955916,"title":"Lift","poster_path":"/h7wJI6mctrDJ9wMbFfgrBUTn1LT.jpg"},{"id":16281,"title":"Creepshow","poster_path":"/4SoyTCEpsgLjX6yAyMsx3AsAyRQ.jpg"},{"id":16281,"title":"Creepshow","poster_path":"/4SoyTCEpsgLjX6yAyMsx3AsAyRQ.jpg"},{"id":111,"title":"Scarface","poster_path":"/iQ5ztdjvteGeboxtmRdXEChJOHh.jpg"},{"id":539,"title":"Psycho","poster_path":"/yz4QVqPx3h1hD1DfqqQkCq3rmxW.jpg"},{"id":524434,"title":"Eternals","poster_path":"/lFByFSLV5WDJEv3KabbdAF959F2.jpg"},{"id":1079394,"title":"The Five","poster_path":"/xckDPGprPVDpuzhSyo9E7SZJ2wa.jpg"},{"id":346364,"title":"It","poster_path":"/9E2y5Q7WlCVNEhP5GiVTjhEhx1o.jpg"},{"id":24428,"title":"The Avengers","poster_path":"/RYMX2wcKCBAr24UyPD7xwmjaTn.jpg"},{"id":1291143,"title":"How to Rob a Bank","poster_path":"/vhBQOgig0bXCXIgHHyO8ipG47J9.jpg"},{"id":672,"title":"Harry Potter and the Chamber of Secrets","poster_path":"/sdEOH0992YZ0QSxgXNIGLq1ToUi.jpg"},{"id":673,"title":"Harry Potter and the Prisoner of Azkaban","poster_path":"/aWxwnYoe8p2d2fcxOqtvAtJ72Rw.jpg"},{"id":61108,"title":"Emmanuelle 6","poster_path":"/akhaTeqlNEqkyAVdmRWEUDTMUgK.jpg"},{"id":597,"title":"Titanic","poster_path":"/9xjZS2rlVxm8SFx8kPC3aIGCOYQ.jpg"},{"id":1000173,"title":"Nightman","poster_path":"/wpaos88xaADUCA0KavKW7PhJQ3R.jpg"},{"id":1020830,"title":"Aberrance","poster_path":"/19nkxBXREDLH2rNWCfINECNbCml.jpg"},{"id":399170,"title":"Logan Lucky","poster_path":"/mQrhrBaaHvRfBQq0Px3HtVbH9iE.jpg"},{"id":516486,"title":"Greyhound","poster_path":"/kjMbDciooTbJPofVXgAoFjfX8Of.jpg"},{"id":324786,"title":"Hacksaw Ridge","poster_path":"/wuz8TjCIWR2EVVMuEfBnQ1vuGS3.jpg"},{"id":260346,"title":"Taken 3","poster_path":"/vzvMXMypMq7ieDofKThsxjHj9hn.jpg"},{"id":1139829,"title":"Orion and the Dark","poster_path":"/oT53tpbp12PfJ0ifCs71Viue8R8.jpg"},{"id":1006540,"title":"Bullet Train Down","poster_path":"/5a7cocgyVuFjYV71neDIGVzD6Yq.jpg"},{"id":568124,"title":"Encanto","poster_path":"/4j0PNHkMr5ax3IA8tjtxcmPU3QT.jpg"},{"id":447332,"title":"A Quiet Place","poster_path":"/nAU74GmpUk7t5iklEp3bufwDq4n.jpg"},{"id":525,"title":"The Blues Brothers","poster_path":"/rhYJKOt6UrQq7JQgLyQcSWW5R86.jpg"},{"id":829557,"title":"365 Days: This Day","poster_path":"/7qU0SOVcQ8BTJLodcAlulUAG16C.jpg"},{"id":120,"title":"The Lord of the Rings: The Fellowship of the Ring","poster_path":"/6oom5QYQ2yQTMJIbnvbkBL9cHo6.jpg"},{"id":1182297,"title":"Strictly Confidential","poster_path":"/z7HYUG9osY4Y1i3tuZnfjIqY7qP.jpg"},{"id":951491,"title":"Saw X","poster_path":"/aQPeznSu7XDTrrdCtT5eLiu52Yu.jpg"},{"id":282035,"title":"The Mummy","poster_path":"/zxkY8byBnCsXodEYpK8tmwEGXBI.jpg"},{"id":278,"title":"The Shawshank Redemption","poster_path":"/9cqNxx0GxF0bflZmeSMuL5tnGzr.jpg"},{"id":635,"title":"Angel Heart","poster_path":"/h5v3wjJQNB7q2RntEnKDLhKtTFE.jpg"},{"id":1726,"title":"Iron Man","poster_path":"/78lPtwv72eTNqFW9COBYI0dWDJa.jpg"},{"id":1075794,"title":"Leo","poster_path":"/pD6sL4vntUOXHmuvJPPZAgvyfd9.jpg"},{"id":885303,"title":"The Voyagers","poster_path":"/38N7GRJLu7IWyEdil96YobJ5LWM.jpg"},{"id":675353,"title":"Sonic the Hedgehog 2","poster_path":"/6DrHO1jr3qVrViUO6s6kFiAGM7.jpg"},{"id":677179,"title":"Creed III","poster_path":"/cvsXj3I9Q2iyyIo95AecSd1tad7.jpg"},{"id":949,"title":"Heat","poster_path":"/umSVjVdbVwtx5ryCA2QXL44Durm.jpg"},{"id":235,"title":"Stand by Me","poster_path":"/vz0w9BSehcqjDcJOjRaCk7fgJe7.jpg"},{"id":1127175,"title":"Mercy Falls","poster_path":"/aNiAEjTebmwJtTx95SQzW9ZXUdf.jpg"},{"id":581528,"title":"The Gangster, the Cop, the Devil","poster_path":"/oHlM4abRm6BzrRcz9Nup1uidw9H.jpg"},{"id":11635,"title":"Old School","poster_path":"/nYtuwNHpEoIbTgS3aFPSEwZNN6l.jpg"},{"id":11635,"title":"Old School","poster_path":"/nYtuwNHpEoIbTgS3aFPSEwZNN6l.jpg"},{"id":355338,"title":"Riley's First Date?","poster_path":"/cGLwfmLqg39822RFQMUDat0UJev.jpg"},{"id":50014,"title":"The Help","poster_path":"/7XLSwxpfpPoJyTdJVot6a42TS2V.jpg"},{"id":980489,"title":"Gran Turismo","poster_path":"/51tqzRtKMMZEYUpSYkrUE7v9ehm.jpg"},{"id":50620,"title":"The Twilight Saga: Breaking Dawn - Part 2","poster_path":"/7IGdPaKujv0BjI0Zd0m0a4CzEjJ.jpg"},{"id":1149920,"title":"Too Old for Fairy Tales 2","poster_path":"/4vnpDmxX20v8Dd17j6DJLqHakXk.jpg"},{"id":616037,"title":"Thor: Love and Thunder","poster_path":"/pIkRyD18kl4FhoCNQuWxWu5cBLM.jpg"},{"id":19995,"title":"Avatar","poster_path":"/kyeqWdyUXW608qlYkRqosgbbJyK.jpg"},{"id":592695,"title":"Pleasure","poster_path":"/TcOsu6iO5prSJbDn9oIQgIW655.jpg"},{"id":1015303,"title":"Elevator Game","poster_path":"/a4Zb13jow8RqJkYFgCUSdmzJCWq.jpg"},{"id":411,"title":"The Chronicles of Narnia: The Lion, the Witch and the Wardrobe","poster_path":"/iREd0rNCjYdf5Ar0vfaW32yrkm.jpg"},{"id":419430,"title":"Get Out","poster_path":"/mE24wUCfjK8AoBBjaMjho7Rczr7.jpg"},{"id":512195,"title":"Red Notice","poster_path":"/lAXONuqg41NwUMuzMiFvicDET9Y.jpg"},{"id":474350,"title":"It Chapter Two","poster_path":"/zfE0R94v1E8cuKAerbskfD3VfUt.jpg"},{"id":466420,"title":"Killers of the Flower Moon","poster_path":"/dB6Krk806zeqd0YNp2ngQ9zXteH.jpg"},{"id":1061990,"title":"City Hunter","poster_path":"/cjQzJ9xFdaN9KAwu7HUImIgbc2Y.jpg"},{"id":520758,"title":"Chicken Run: Dawn of the Nugget","poster_path":"/exNtEY8QUuQh9e23wSQjkPxKIU3.jpg"},{"id":480530,"title":"Creed II","poster_path":"/v3QyboWRoA4O9RbcsqH8tJMe8EB.jpg"},{"id":980026,"title":"The Promised Land","poster_path":"/npQgoOWn4fnvOIIyTj4rIV80FXC.jpg"},{"id":447200,"title":"Skyscraper","poster_path":"/52ml62vClzrlqvXZq2FEW6UF6c1.jpg"},{"id":18785,"title":"The Hangover","poster_path":"/uluhlXubGu1VxU63X9VHCLWDAYP.jpg"},{"id":64635,"title":"Total Recall","poster_path":"/4M5urSlUyR2PtVBIoW9hLG9NQCQ.jpg"},{"id":849509,"title":"Jade","poster_path":"/qz6vvVSNPxuvEHKagfdvoVLz8yb.jpg"},{"id":809,"title":"Shrek 2","poster_path":"/2yYP0PQjG8zVqturh1BAqu2Tixl.jpg"},{"id":1139566,"title":"Through My Window 3: Looking at You","poster_path":"/gwpTgtwVAwmvivBN8rAQABpx9Am.jpg"},{"id":198184,"title":"Chappie","poster_path":"/hpnuXlKKWznTgbheGe4iQXzkuwJ.jpg"},{"id":1148817,"title":"Vina: Sebelum 7 Hari","poster_path":"/j1xUlKVa8rS1c2mi0cZsjUSJ6G4.jpg"},{"id":198663,"title":"The Maze Runner","poster_path":"/ode14q7WtDugFDp78fo9lCsmay9.jpg"},{"id":59053,"title":"The Raffle","poster_path":"/2Jc60w8ZemDMYqyJUStcQKy6syi.jpg"},{"id":1046090,"title":"The Pig, the Snake and the Pigeon","poster_path":"/9FhZ9VC999qeOWH2ytbangUMMt4.jpg"},{"id":585,"title":"Monsters, Inc.","poster_path":"/wFSpyMsp7H0ttERbxY7Trlv8xry.jpg"},{"id":424694,"title":"Bohemian Rhapsody","poster_path":"/lHu1wtNaczFPGFDTrjCSzeLPTKN.jpg"},{"id":960033,"title":"Marguerite's Theorem","poster_path":"/tJ8OaSqXxlFnmb2SbHHcahMYfQ6.jpg"},{"id":899445,"title":"Deep Fear","poster_path":"/ms1omYCnhnO3eDOI88tfiy6SaoX.jpg"},{"id":425,"title":"Ice Age","poster_path":"/gLhHHZUzeseRXShoDyC4VqLgsNv.jpg"},{"id":420818,"title":"The Lion King","poster_path":"/dzBtMocZuJbjLOXvrl4zGYigDzh.jpg"},{"id":14836,"title":"Coraline","poster_path":"/4jeFXQYytChdZYE9JYO7Un87IlW.jpg"},{"id":838240,"title":"Robot Dreams","poster_path":"/vSzOobYVu16MogSALNg1bjTaGc.jpg"},{"id":898994,"title":"How to Survive Without Mum","poster_path":"/a9XGEeB8skClVlzRrRxujB7sFN4.jpg"},{"id":391713,"title":"Lady Bird","poster_path":"/gl66K7zRdtNYGrxyS2YDUP5ASZd.jpg"},{"id":391713,"title":"Lady Bird","poster_path":"/gl66K7zRdtNYGrxyS2YDUP5ASZd.jpg"},{"id":1865,"title":"Pirates of the Caribbean: On Stranger Tides","poster_path":"/keGfSvCmYj7CvdRx36OdVrAEibE.jpg"},{"id":718930,"title":"Bullet Train","poster_path":"/j8szC8OgrejDQjjMKSVXyaAjw3V.jpg"},{"id":674,"title":"Harry Potter and the Goblet of Fire","poster_path":"/fECBtHlr0RB3foNHDiCBXeg9Bv9.jpg"},{"id":522627,"title":"The Gentlemen","poster_path":"/jtrhTYB7xSrJxR1vusu99nvnZ1g.jpg"},{"id":14160,"title":"Up","poster_path":"/vpbaStTMt8qqXaEgnOR2EE4DNJk.jpg"},{"id":683361,"title":"Super Furball Saves the Future","poster_path":"/cYQhEjz8TcycbHpf9qHBxroYE0M.jpg"},{"id":1022128,"title":"Don't Look at the Demon","poster_path":"/wSfQ0JEjoeVeVCQR3bmMLl6xBHK.jpg"},{"id":1257750,"title":"Honeymoonish","poster_path":"/sXxs6FSFAYdrhKGD9f4fgCGmzXu.jpg"},{"id":522938,"title":"Rambo: Last Blood","poster_path":"/kTQ3J8oTTKofAVLYnds2cHUz9KO.jpg"},{"id":447277,"title":"The Little Mermaid","poster_path":"/ym1dxyOk4jFcSl4Q2zmRrA5BEEN.jpg"},{"id":51828,"title":"One Day","poster_path":"/n9jMwSg4IavdD8wqdYnyW5w3Mvp.jpg"},{"id":453395,"title":"Doctor Strange in the Multiverse of Madness","poster_path":"/9Gtg2DzBhmYamXBS1hKAhiwbBKS.jpg"},{"id":424783,"title":"Bumblebee","poster_path":"/fw02ONlDhrYjTSZV8XO6hhU3ds3.jpg"},{"id":51971,"title":"Hideaway (Le refuge)","poster_path":"/kjpwk9ruPZXIPDcRhwuT458eFYH.jpg"},{"id":848326,"title":"Rebel Moon - Part One: A Child of Fire","poster_path":"/ui4DrH1cKk2vkHshcUcGt2lKxCm.jpg"},{"id":948,"title":"Halloween","poster_path":"/wijlZ3HaYMvlDTPqJoTCWKFkCPU.jpg"},{"id":13683,"title":"Tarzan & Jane","poster_path":"/esRxshmD2BY1UPkiUHt7Gn2mksl.jpg"},{"id":429617,"title":"Spider-Man: Far From Home","poster_path":"/4q2NNj4S5dG2RLF9CpXsej7yXl.jpg"},{"id":829,"title":"Chinatown","poster_path":"/mQJz8J4naOA7RmCtypTPjgXZIMY.jpg"},{"id":1227816,"title":"Red Right Hand","poster_path":"/aQmvIr5AGcqVIzlgozQrTcIvFLg.jpg"},{"id":1229913,"title":"The Roommate","poster_path":"/zaRzz2BxjxIVb7ja0gSedj1Hn1E.jpg"},{"id":287947,"title":"Shazam!","poster_path":"/xnopI5Xtky18MPhK40cZAGAOVeV.jpg"},{"id":399566,"title":"Godzilla vs. Kong","poster_path":"/pgqgaUx1cJb5oZQQ5v0tNARCeBp.jpg"},{"id":296096,"title":"Me Before You","poster_path":"/Ia3dzj5LnCj1ZBdlVeJrbKJQxG.jpg"},{"id":216015,"title":"Fifty Shades of Grey","poster_path":"/63kGofUkt1Mx0SIL4XI4Z5AoSgt.jpg"},{"id":467244,"title":"The Zone of Interest","poster_path":"/hUu9zyZmDd8VZegKi1iK1Vk0RYS.jpg"},{"id":550,"title":"Fight Club","poster_path":"/pB8BM7pdSp6B6Ih7QZ4DrQ3PmJK.jpg"},{"id":34152,"title":"Crooklyn","poster_path":"/iFqe07F78SO0SIBzWcK4I5MwNvP.jpg"},{"id":888768,"title":"Weekend Rebels","poster_path":"/3H7rdXsFmoAA5coTaLOR7OTHyu4.jpg"},{"id":1151534,"title":"Nowhere","poster_path":"/8uvCXfpaU1VveV5w9h05OxN0zdN.jpg"},{"id":68721,"title":"Iron Man 3","poster_path":"/qhPtAc1TKbMPqNvcdXSOn9Bn7hZ.jpg"},{"id":238,"title":"The Godfather","poster_path":"/3bhkrj58Vtu7enYsRolD1fZdja1.jpg"},{"id":70981,"title":"Prometheus","poster_path":"/m7nZCtHJyDLncBUarfM5h5mrppx.jpg"},{"id":697843,"title":"Extraction 2","poster_path":"/7gKI9hpEMcZUQpNgKrkDzJpbnNS.jpg"},{"id":512200,"title":"Jumanji: The Next Level","poster_path":"/jyw8VKYEiM1UDzPB7NsisUgBeJ8.jpg"},{"id":682075,"title":"The Adventure of A.R.I.: My Robot Friend","poster_path":"/txcjXiyhBvsSFyZtgCHWW7CyIeN.jpg"},{"id":851644,"title":"20th Century Girl","poster_path":"/od22ftNnyag0TTxcnJhlsu3aLoU.jpg"},{"id":698835,"title":"Kurayukaba","poster_path":"/yeRMk0lXMqO2nraQrkF1t9EfY7Y.jpg"},{"id":2062,"title":"Ratatouille","poster_path":"/t3vaWRPSf6WjDSamIkKDs1iQWna.jpg"},{"id":176,"title":"Saw","poster_path":"/rLNSOudrayDBo1uqXjrhxcjODIC.jpg"},{"id":436969,"title":"The Suicide Squad","poster_path":"/kb4s0ML0iVZlG6wAKbbs9NAm6X.jpg"},{"id":12,"title":"Finding Nemo","poster_path":"/eHuGQ10FUzK1mdOY69wF5pGgEf5.jpg"},{"id":138843,"title":"The Conjuring","poster_path":"/wVYREutTvI2tmxr6ujrHT704wGF.jpg"},{"id":767,"title":"Harry Potter and the Half-Blood Prince","poster_path":"/z7uo9zmQdQwU5ZJHFpv2Upl30i1.jpg"},{"id":949567,"title":"The Exorcism of Hannah Stevenson","poster_path":"/so05qY0sDY0348bRg0tK9tSnnEq.jpg"},{"id":269149,"title":"Zootopia","poster_path":"/hlK0e0wAQ3VLuJcsfIYPvb4JVud.jpg"},{"id":1032372,"title":"Cold Meat","poster_path":"/gcACvRRy9nE9de5gTetoXiheIZ5.jpg"},{"id":2756,"title":"The Abyss","poster_path":"/2dCit3XAtv9KWCJvRKdPkJ0FAkH.jpg"},{"id":122917,"title":"The Hobbit: The Battle of the Five Armies","poster_path":"/xT98tLqatZPQApyRmlPL12LtiWp.jpg"},{"id":12445,"title":"Harry Potter and the Deathly Hallows: Part 2","poster_path":"/c54HpQmuwXjHq2C9wmoACjxoom3.jpg"},{"id":58,"title":"Pirates of the Caribbean: Dead Man's Chest","poster_path":"/uXEqmloGyP7UXAiphJUu2v2pcuE.jpg"},{"id":769,"title":"GoodFellas","poster_path":"/aKuFiU82s5ISJpGZp7YkIr3kCUd.jpg"},{"id":1266992,"title":"Balinsasayaw","poster_path":"/u095PKBKqWxXRD4Sddxq4kHrvyb.jpg"},{"id":122,"title":"The Lord of the Rings: The Return of the King","poster_path":"/rCzpDGLbOoPwLjy3OAm5NUPOTrC.jpg"},{"id":551115,"title":"Penoza: The Final Chapter","poster_path":"/ba1NlageLgbxOPLXjX0qX7HDBTc.jpg"},{"id":1081620,"title":"The Weapon","poster_path":"/slQYCDzCMM8SBh9Xa3aPeM2fekA.jpg"},{"id":39254,"title":"Real Steel","poster_path":"/4GIeI5K5YdDUkR3mNQBoScpSFEf.jpg"},{"id":496450,"title":"Miraculous: Ladybug & Cat Noir, The Movie","poster_path":"/dQNJ8SdCMn3zWwHzzQD2xrphR1X.jpg"},{"id":621,"title":"Grease","poster_path":"/czVhhAaSBFpakur7U8pOIDV9NUG.jpg"},{"id":621,"title":"Grease","poster_path":"/czVhhAaSBFpakur7U8pOIDV9NUG.jpg"},{"id":38757,"title":"Tangled","poster_path":"/ym7Kst6a4uodryxqbGOxmewF235.jpg"},{"id":615457,"title":"Nobody","poster_path":"/oBgWY00bEFeZ9N25wWVyuQddbAo.jpg"},{"id":565770,"title":"Blue Beetle","poster_path":"/mXLOHHc1Zeuwsl4xYKjKh2280oL.jpg"},{"id":264660,"title":"Ex Machina","poster_path":"/aeJS3OXnp7d17QSoMdglZERwCkM.jpg"},{"id":489,"title":"Good Will Hunting","poster_path":"/bABCBKYBK7A5G1x0FzoeoNfuj2.jpg"},{"id":689160,"title":"Delicious Tutor","poster_path":"/hqRAWy3EwIeDOoWU2gL1LU5VQw7.jpg"},{"id":8587,"title":"The Lion King","poster_path":"/sKCr78MXSLixwmZ8DyJLrpMsd15.jpg"},{"id":1148713,"title":"The Courier","poster_path":"/3szLL10qscO4Z0kwyiGmq2IqydS.jpg"},{"id":836225,"title":"The Exorcism of God","poster_path":"/hangTmbxpSV4gpHG7MgSlCWSSFa.jpg"},{"id":36647,"title":"Blade","poster_path":"/oWT70TvbsmQaqyphCZpsnQR7R32.jpg"},{"id":517764,"title":"The Farm","poster_path":"/7nPMR3QU5vl7cEmB1LE6O6yliCg.jpg"},{"id":260514,"title":"Cars 3","poster_path":"/jJ8TnHvWHaVadW5JJjGYsM07j9i.jpg"},{"id":944401,"title":"Dogman","poster_path":"/yZGdlrKxglrWciRl0Rs6lAjfPHM.jpg"},{"id":425909,"title":"Ghostbusters: Afterlife","poster_path":"/sg4xJaufDiQl7caFEskBtQXfD4x.jpg"},{"id":12444,"title":"Harry Potter and the Deathly Hallows: Part 1","poster_path":"/iGoXIpQb7Pot00EEdwpwPajheZ5.jpg"},{"id":20352,"title":"Despicable Me","poster_path":"/9lOloREsAhBu0pEtU0BgeR1rHyo.jpg"},{"id":438148,"title":"Minions: The Rise of Gru","poster_path":"/wKiOkZTN9lUUUNZLmtnwubZYONg.jpg"},{"id":961613,"title":"A Haunting in Ravenwood","poster_path":"/irRETI08jnisCRTVEbSDRnmRLXO.jpg"},{"id":10674,"title":"Mulan","poster_path":"/5TYgKxYhnhRNNwqnRAKHkgfqi2G.jpg"},{"id":10674,"title":"Mulan","poster_path":"/5TYgKxYhnhRNNwqnRAKHkgfqi2G.jpg"},{"id":673593,"title":"Mean Girls","poster_path":"/fbbj3viSUDEGT1fFFMNpHP1iUjw.jpg"},{"id":9348,"title":"Species","poster_path":"/cT5wdyo8kT7dycqjrolJ2sHWkFx.jpg"},{"id":1095340,"title":"Malicious","poster_path":"/gIQqqSiQj9BFvD0OtaeammxpJhH.jpg"},{"id":949429,"title":"The Adventures","poster_path":"/z3SeS4wjKQ3TjHSvRidovGJbHYb.jpg"},{"id":1930,"title":"The Amazing Spider-Man","poster_path":"/BgcvtsVWLQfjHD6Dr3YYgeSLYk.jpg"},{"id":335977,"title":"Indiana Jones and the Dial of Destiny","poster_path":"/Af4bXE63pVsb2FtbW8uYIyPBadD.jpg"},{"id":49013,"title":"Cars 2","poster_path":"/okIz1HyxeVOMzYwwHUjH2pHi74I.jpg"},{"id":464052,"title":"Wonder Woman 1984","poster_path":"/8UlWHLMpgZm9bx6QYh0NFoq67TZ.jpg"},{"id":72808,"title":"The Flesh","poster_path":"/5s9UarEgQWXHtZbm8fakXQnveRt.jpg"},{"id":99861,"title":"Avengers: Age of Ultron","poster_path":"/4ssDuvEDkSArWEdyBl2X5EHvYKU.jpg"},{"id":369885,"title":"Allied","poster_path":"/sV4lXM32quwminL3TP36nlNPp7Q.jpg"},{"id":423108,"title":"The Conjuring: The Devil Made Me Do It","poster_path":"/xbSuFiJbbBWCkyCCKIMfuDCA4yV.jpg"},{"id":1151423,"title":"I Am Not Big Bird","poster_path":"/6P0Zj7BVMpimbDSHJl03ezATkqR.jpg"},{"id":14564,"title":"Rings","poster_path":"/5FoczK6tDFzC9OyHiMMNIeNspek.jpg"},{"id":436270,"title":"Black Adam","poster_path":"/pFlaoHTZeyNkG83vxsAJiGzfSsa.jpg"},{"id":1071215,"title":"Thanksgiving","poster_path":"/f5f3TEVst1nHHyqgn7Z3tlwnBIH.jpg"},{"id":177572,"title":"Big Hero 6","poster_path":"/2mxS4wUimwlLmI1xp6QW6NSU361.jpg"},{"id":524047,"title":"Greenland","poster_path":"/bNo2mcvSwIvnx8K6y1euAc1TLVq.jpg"},{"id":301528,"title":"Toy Story 4","poster_path":"/w9kR8qbmQ01HwnvK4alvnQ2ca0L.jpg"},{"id":8966,"title":"Twilight","poster_path":"/3Gkb6jm6962ADUPaCBqzz9CTbn9.jpg"},{"id":637649,"title":"Wrath of Man","poster_path":"/M7SUK85sKjaStg4TKhlAVyGlz3.jpg"},{"id":285,"title":"Pirates of the Caribbean: At World's End","poster_path":"/jGWpG4YhpQwVmjyHEGkxEkeRf0S.jpg"},{"id":931642,"title":"Lights Out","poster_path":"/gCOSDDyN0qA8rGoVwsZc72v3RuZ.jpg"},{"id":214756,"title":"Ted 2","poster_path":"/qMOt0uy1x49OBW0jzodgRM9waW0.jpg"},{"id":1103621,"title":"How to Make Millions Before Grandma Dies","poster_path":"/aAnTgKWZ8UdMQTc9EebMLkowqhm.jpg"},{"id":1026436,"title":"Miller's Girl","poster_path":"/y9zzaN65LOO56nUGC31x9mWQzoi.jpg"},{"id":152601,"title":"Her","poster_path":"/lEIaL12hSkqqe83kgADkbUqEnvk.jpg"},{"id":843380,"title":"Dead for a Dollar","poster_path":"/1AnXfjxFqMsQmUPSvt9YxUJhfFw.jpg"},{"id":87101,"title":"Terminator Genisys","poster_path":"/oZRVDpNtmHk8M1VYy1aeOWUXgbC.jpg"},{"id":16127,"title":"Forbidden Zone","poster_path":"/shBJRGNek5hkrCnKabcbxa4rWaH.jpg"},{"id":871,"title":"Planet of the Apes","poster_path":"/2r9iKnlSYEk4daQadsXfcjHfIjQ.jpg"},{"id":795774,"title":"All Eyes Off Me","poster_path":"/rtgZafeiX0eDmojCoMDk622ofKR.jpg"},{"id":384018,"title":"Fast & Furious Presents: Hobbs & Shaw","poster_path":"/qRyy2UmjC5ur9bDi3kpNNRCc5nc.jpg"},{"id":19,"title":"Metropolis","poster_path":"/pxbGZewX327IbTvrCVRJgcLJTSQ.jpg"},{"id":330457,"title":"Frozen II","poster_path":"/mINJaa34MtknCYl5AjtNJzWj8cD.jpg"},{"id":882569,"title":"Guy Ritchie's The Covenant","poster_path":"/kVG8zFFYrpyYLoHChuEeOGAd6Ru.jpg"},{"id":228150,"title":"Fury","poster_path":"/pfte7wdMobMF4CVHuOxyu6oqeeA.jpg"},{"id":804150,"title":"Cocaine Bear","poster_path":"/gOnmaxHo0412UVr1QM5Nekv1xPi.jpg"},{"id":246655,"title":"X-Men: Apocalypse","poster_path":"/2mtQwJKVKQrZgTz49Dizb25eOQQ.jpg"},{"id":758323,"title":"The Pope's Exorcist","poster_path":"/gNPqcv1tAifbN7PRNgqpzY8sEJZ.jpg"},{"id":557,"title":"Spider-Man","poster_path":"/gh4cZbhZxyTbgxQPxD0dOudNPTn.jpg"},{"id":664341,"title":"Eileen","poster_path":"/mlYBMEDysGlEcui19a00XMSs4V1.jpg"},{"id":829560,"title":"The Next 365 Days","poster_path":"/6FsGeIp7heHm5eh4tIxTzHIRxmt.jpg"},{"id":9659,"title":"Mad Max","poster_path":"/5LrI4GiCSrChgkdskVZiwv643Kg.jpg"},{"id":40132,"title":"Emanuelle and the White Slave Trade","poster_path":"/z64O6MpwIEQ4sc0xvOG9a2z0nTA.jpg"},{"id":1177096,"title":"Ōmuro-ke dear sisters","poster_path":"/tv33uPh70FPS24QdApc6FJmpYqN.jpg"},{"id":1143319,"title":"Puppy Love","poster_path":"/oTc03izWZ9UdD3y0HegVV2M0s0J.jpg"},{"id":1085113,"title":"Where the Devil Roams","poster_path":"/tm4CuCFUmIHXO6DtMl1gg2s0Ipq.jpg"},{"id":1059572,"title":"New Dimension! Crayon Shinchan the Movie: Battle of Supernatural Powers ~Flying Sushi~","poster_path":"/81jVSV8quW5V26HP9gjGFUkZLu6.jpg"},{"id":62215,"title":"Melancholia","poster_path":"/kd0PqvTsJd6DOY7Jxu0R4vEfpsj.jpg"},{"id":663712,"title":"Terrifier 2","poster_path":"/8gLhu8UFPZfH2Hv11JhTZkb9CVl.jpg"},{"id":301337,"title":"Downsizing","poster_path":"/5bNzInSSAXfr0MFlHfb4IoQePVx.jpg"},{"id":521029,"title":"Annabelle Comes Home","poster_path":"/qWsHMrbg9DsBY3bCMk9jyYCRVRs.jpg"},{"id":12153,"title":"White Chicks","poster_path":"/aHTUpo45qy9QYIOnVITGGqLoVcA.jpg"},{"id":273477,"title":"Scouts Guide to the Zombie Apocalypse","poster_path":"/lUKvvSnjFlazrdh6wyHxHrdMknD.jpg"},{"id":459003,"title":"Mavka: The Forest Song","poster_path":"/eeJjd9JU2Mdj9d7nWRFLWlrcExi.jpg"},{"id":77877,"title":"The Lucky One","poster_path":"/vK3A2i5dPCSB4vYBMcDZzm8DfRd.jpg"},{"id":9502,"title":"Kung Fu Panda","poster_path":"/wWt4JYXTg5Wr3xBW2phBrMKgp3x.jpg"},{"id":507532,"title":"Finestkind","poster_path":"/90D6sXfbXKhDpd4S1cHICdAe8VD.jpg"},{"id":791373,"title":"Zack Snyder's Justice League","poster_path":"/tnAuB8q5vv7Ax9UAEje5Xi4BXik.jpg"},{"id":27579,"title":"The American","poster_path":"/5OEOsRaBsSxD0qBtAhus0iKDzr.jpg"},{"id":1152004,"title":"My Mother's Eyes","poster_path":"/63QRcmHE4fiToVFY6Ds19nqIOoA.jpg"},{"id":109445,"title":"Frozen","poster_path":"/itAKcobTYGpYT8Phwjd8c9hleTo.jpg"},{"id":585511,"title":"Luck","poster_path":"/1HOYvwGFioUFL58UVvDRG6beEDm.jpg"},{"id":156022,"title":"The Equalizer","poster_path":"/9u4yW7yPA0BQ2pv9XwiNzItwvp8.jpg"},{"id":1148027,"title":"New Life","poster_path":"/bYTerxU14TaGKfAmbaWMmGH5ORo.jpg"},{"id":833205,"title":"Americanish","poster_path":"/2eOlUw35Z2kXw5420Axnquhcy5K.jpg"},{"id":630240,"title":"Titane","poster_path":"/9QuUN55NWufqC2jst0JSPQ2gla9.jpg"},{"id":1008042,"title":"Talk to Me","poster_path":"/kdPMUMJzyYAc4roD52qavX0nLIC.jpg"},{"id":293167,"title":"Kong: Skull Island","poster_path":"/r2517Vz9EhDhj88qwbDVj8DCRZN.jpg"},{"id":550988,"title":"Free Guy","poster_path":"/xmbU4JTUm8rsdtn7Y3Fcm30GpeT.jpg"},{"id":1205781,"title":"Dora: Say Hola to Adventure!","poster_path":"/zN3BO43b0JAn1ZCpbwBH6KEP56U.jpg"},{"id":585083,"title":"Hotel Transylvania: Transformania","poster_path":"/teCy1egGQa0y8ULJvlrDHQKnxBL.jpg"},{"id":426563,"title":"Holmes & Watson","poster_path":"/orEUlKndjV1rEcWqXbbjegjfv97.jpg"},{"id":1293088,"title":"Fated","poster_path":"/dgNJxm6Q8z1DfQpSkkiB3REMa5E.jpg"},{"id":820232,"title":"Demon Slayer: Kimetsu no Yaiba Sibling's Bond","poster_path":"/vJUDoYNNKvBqbEPUskgvzPXGEFz.jpg"},{"id":1248795,"title":"Art of Love","poster_path":"/niVtvS9Kf8G1VDPSqurqHkaSSwm.jpg"},{"id":675,"title":"Harry Potter and the Order of the Phoenix","poster_path":"/5aOyriWkPec0zUDxmHFP9qMmBaj.jpg"},{"id":1094556,"title":"The Thundermans Return","poster_path":"/2J5eeroLDY0d45mVjpuGhcLZs3W.jpg"},{"id":762430,"title":"Retribution","poster_path":"/oUmmY7QWWn7OhKlcPOnirHJpP1F.jpg"},{"id":1241748,"title":"Kalikot","poster_path":"/bnOz6hfBTOIDYyrj8P3Pcj4uVzE.jpg"},{"id":131631,"title":"The Hunger Games: Mockingjay - Part 1","poster_path":"/4FAA18ZIja70d1Tu5hr5cj2q1sB.jpg"},{"id":863,"title":"Toy Story 2","poster_path":"/2MFIhZAW0CVlEQrFyqwa4U6zqJP.jpg"},{"id":259693,"title":"The Conjuring 2","poster_path":"/zEqyD0SBt6HL7W9JQoWwtd5Do1T.jpg"},{"id":713704,"title":"Evil Dead Rise","poster_path":"/5ik4ATKmNtmJU6AYD0bLm56BCVM.jpg"},{"id":765,"title":"Evil Dead II","poster_path":"/4zqCKJVHUolGs6C5AZwAZqLWixW.jpg"},{"id":537915,"title":"After","poster_path":"/u3B2YKUjWABcxXZ6Nm9h10hLUbh.jpg"},{"id":118,"title":"Charlie and the Chocolate Factory","poster_path":"/wfGfxtBkhBzQfOZw4S8IQZgrH0a.jpg"},{"id":137113,"title":"Edge of Tomorrow","poster_path":"/nBM9MMa2WCwvMG4IJ3eiGUdbPe6.jpg"},{"id":1137047,"title":"West Sex Journey 2","poster_path":"/kcME07YvukipFBmg9UArSRZqsEb.jpg"},{"id":1079485,"title":"Winnie-the-Pooh: Blood and Honey 2","poster_path":"/2sADrLwMQof6yYmrJRSa04tFZuS.jpg"},{"id":297761,"title":"Suicide Squad","poster_path":"/xFw9RXKZDvevAGocgBK0zteto4U.jpg"},{"id":28178,"title":"Hachi: A Dog's Tale","poster_path":"/lsy3aEsEfYIHdLRk4dontZ4s85h.jpg"},{"id":510,"title":"One Flew Over the Cuckoo's Nest","poster_path":"/3jcbDmRFiQ83drXNOvRDeKHxS0C.jpg"},{"id":13,"title":"Forrest Gump","poster_path":"/arw2vcBveWOVZr6pxd9XTd1TdQa.jpg"},{"id":2142,"title":"Cop Land","poster_path":"/qzR7m6kUhsbdid3xRK2jTXjyNmG.jpg"},{"id":345,"title":"Eyes Wide Shut","poster_path":"/knEIz1eNGl5MQDbrEAVWA7iRqF9.jpg"},{"id":508439,"title":"Onward","poster_path":"/f4aul3FyD3jv3v4bul1IrkWZvzq.jpg"},{"id":271110,"title":"Captain America: Civil War","poster_path":"/rAGiXaUfPzY7CDEyNKUofk3Kw2e.jpg"},{"id":1217409,"title":"Jaque Mate","poster_path":"/o960Qx10rRRA4t44DsjeiYB3Dmh.jpg"},{"id":11974,"title":"The 'Burbs","poster_path":"/vrVPAcv2njVdnkqhBwGBc7UxCjz.jpg"},{"id":155,"title":"The Dark Knight","poster_path":"/qJ2tW6WMUDux911r6m7haRef0WH.jpg"},{"id":420634,"title":"Terrifier","poster_path":"/nfRlQCl590F30L37aihuqBGBvaO.jpg"},{"id":381284,"title":"Hidden Figures","poster_path":"/9lfz2W2uGjyow3am00rsPJ8iOyq.jpg"},{"id":11688,"title":"The Emperor's New Groove","poster_path":"/wwbgkXQBEKtnyIJapk6gUgWkVw8.jpg"},{"id":918692,"title":"Granit","poster_path":"/zLJn4U2qlWIzlFP5SsyFJUDQjfs.jpg"},{"id":1197406,"title":"El Halcón: Sed de Venganza","poster_path":"/nUCkSoWsL9L77HdLFLCTiEyJlO7.jpg"},{"id":939335,"title":"Muzzle","poster_path":"/qXChf7MFL36BgoLkiB3BzXiwW82.jpg"},{"id":51394,"title":"Night Nurse","poster_path":"/hmY6xd0WWKOqad5cMLbzax62wDp.jpg"},{"id":1422,"title":"The Departed","poster_path":"/nT97ifVT2J1yMQmeq20Qblg61T.jpg"},{"id":5876,"title":"The Mist","poster_path":"/1CvJ6diBACKPVGOpcWuY4XPQdqX.jpg"},{"id":339404,"title":"The Layover","poster_path":"/kb9osnqanXRpkpm1bnSqAhKoq5T.jpg"},{"id":717930,"title":"Kandahar","poster_path":"/keT57nO3QcgrxzTKXH9v4hopI8g.jpg"},{"id":982940,"title":"Due Justice","poster_path":"/osUFKfa5D1wskPHahUM3GAm1HVh.jpg"},{"id":492101,"title":"New Golden Lotus  I","poster_path":"/54zOGJOTt0YMqp3cAqBnF6slN39.jpg"},{"id":635302,"title":"Demon Slayer -Kimetsu no Yaiba- The Movie: Mugen Train","poster_path":"/h8Rb9gBr48ODIwYUttZNYeMWeUU.jpg"},{"id":91314,"title":"Transformers: Age of Extinction","poster_path":"/jyzrfx2WaeY60kYZpPYepSjGz4S.jpg"},{"id":1230393,"title":"Monsters 103 Mercies Dragon Damnation","poster_path":"/yG8QKnaiz7JoIMh3oxdm0JJN6IG.jpg"},{"id":173129,"title":"The Golden Lotus: Love and Desire","poster_path":"/nA1WbYl6Sllm71g8koNXhjWbMOc.jpg"},{"id":841,"title":"Dune","poster_path":"/9jE1U4vzlZQMvfbKWq5fj00iJBw.jpg"},{"id":68428,"title":"Girls Unbutton","poster_path":"/46mNCuoHuXRH9z4XnlioLuuBXO5.jpg"},{"id":696,"title":"Manhattan","poster_path":"/k4eT3EvfxW1L9Wmt04UqJqCvCR6.jpg"},{"id":714567,"title":"#Blue_Whale","poster_path":"/2TmZ2lgDEYJAFpeUMALRx5NwqK.jpg"},{"id":231164,"title":"Sweet Whip","poster_path":"/uGicTWd9sHk0TinuLNm4I5DCVSV.jpg"},{"id":24584,"title":"Get Real","poster_path":"/k7KCBnt1VXFhPjoTSt4MePr1MpI.jpg"},{"id":420817,"title":"Aladdin","poster_path":"/ykUEbfpkf8d0w49pHh0AD2KrT52.jpg"},{"id":124905,"title":"Godzilla","poster_path":"/zokD6uxR2iWfYM3Y84yGJvnNTK7.jpg"},{"id":335984,"title":"Blade Runner 2049","poster_path":"/gajva2L0rPYkEWjzgFlBXCAVBE5.jpg"},{"id":13765,"title":"Scrooge","poster_path":"/eadjJGFdbZdhXSjtokmay7NjVHi.jpg"},{"id":4233,"title":"Scream 2","poster_path":"/dORlVasiaDkJXTqt9bdH7nFNs6C.jpg"},{"id":116776,"title":"Dragon Ball: Mystical Adventure","poster_path":"/4uPs9rjKkGWOmc5QO4VV08YdLpV.jpg"},{"id":1214474,"title":"Stress Positions","poster_path":"/dsVWPrHJvXEt1XPxAEqLiSq0eyy.jpg"},{"id":118249,"title":"Thriller Night","poster_path":"/mPQei2YUIY0Ljd3O5Wy7LDuvC8S.jpg"},{"id":2103,"title":"Solaris","poster_path":"/drdrB1hEZmzFlK1xtW5HMxK3LUJ.jpg"},{"id":5174,"title":"Rush Hour 3","poster_path":"/rZ7IxJlPhNNJ6Rn8z1rzsXuA70P.jpg"},{"id":244786,"title":"Whiplash","poster_path":"/7fn624j5lj3xTme2SgiLCeuedmO.jpg"},{"id":7512,"title":"Idiocracy","poster_path":"/rKsiNxKjhWEwndOgWPs273oy9EZ.jpg"},{"id":685833,"title":"What Happened at the Carpenter's Shop","poster_path":"/bMhxD4DKRJM1dydluvsS5aL2Tci.jpg"},{"id":1176202,"title":"Heartbeat","poster_path":"/AnBsemeDP8a8IwS2E6OsxKdmwa2.jpg"},{"id":129,"title":"Spirited Away","poster_path":"/39wmItIWsg5sZMyRUHLkWBcuVCM.jpg"},{"id":4232,"title":"Scream","poster_path":"/3O3klyyYpAZBBE4n7IngzTomRDp.jpg"},{"id":73723,"title":"The Lorax","poster_path":"/tePFnZFw5JvjwjQjaKkqDPNMLPU.jpg"},{"id":985939,"title":"Fall","poster_path":"/v28T5F1IygM8vXWZIycfNEm3xcL.jpg"},{"id":274855,"title":"Geostorm","poster_path":"/nrsx0jEaBgXq4PWo7SooSnYJTv.jpg"},{"id":10192,"title":"Shrek Forever After","poster_path":"/6HrfPZtKcGmX2tUWW3cnciZTaSD.jpg"},{"id":337167,"title":"Fifty Shades Freed","poster_path":"/vwFR5WI1RQ1RCxS0cdTbiSgaXJr.jpg"},{"id":518068,"title":"Along with the Gods: The Last 49 Days","poster_path":"/9BnqBHFGDv3WlCPB2qQwzAWdy7y.jpg"},{"id":38365,"title":"Grown Ups","poster_path":"/cQGM5k1NtU85n4TUlrOrwijSCcm.jpg"},{"id":473033,"title":"Uncut Gems","poster_path":"/6XN1vxHc7kUSqNWtaQKN45J5x2v.jpg"},{"id":82702,"title":"How to Train Your Dragon 2","poster_path":"/d13Uj86LdbDLrfDoHR5aDOFYyJC.jpg"},{"id":509967,"title":"6 Underground","poster_path":"/lnWkyG3LLgbbrIEeyl5mK5VRFe4.jpg"},{"id":900667,"title":"One Piece Film Red","poster_path":"/ogDXuVkO92GcETZfSofXXemw7gb.jpg"},{"id":8681,"title":"Taken","poster_path":"/y5Va1WXDX6nZElVirPrGxf6w99B.jpg"},{"id":983507,"title":"Good Boy","poster_path":"/9DPG1gxLwV2oyFdHq3SnISsWbse.jpg"},{"id":1115623,"title":"The Last Kumite","poster_path":"/zDkaJgsPoSqa2cMe2hW2HAfyWwO.jpg"},{"id":1241982,"title":"Moana 2","poster_path":"/sxuS6IcVF0T0dJgBv3x703m69Rr.jpg"},{"id":483686,"title":"Tokyo Ghoul: Pinto","poster_path":"/qpFm94sLEjUVHeisca4AGtGBpcb.jpg"},{"id":640146,"title":"Ant-Man and the Wasp: Quantumania","poster_path":"/qnqGbB22YJ7dSs4o6M7exTpNxPz.jpg"},{"id":810693,"title":"Jujutsu Kaisen 0","poster_path":"/23oJaeBh0FDk2mQ2P240PU9Xxfh.jpg"},{"id":588228,"title":"The Tomorrow War","poster_path":"/34nDCQZwaEvsy4CFO5hkGRFDCVU.jpg"},{"id":807172,"title":"The Exorcist: Believer","poster_path":"/fFXkAlMH2iQrNknv4eq7LGTkcti.jpg"},{"id":515001,"title":"Jojo Rabbit","poster_path":"/7GsM4mtM0worCtIVeiQt28HieeN.jpg"},{"id":274870,"title":"Passengers","poster_path":"/oZpdONg32luHu0g8HcysuPgSlIK.jpg"},{"id":850025,"title":"The Business of Pleasure","poster_path":"/u1TlwQ9l4Ome1IeuOrJujiY0o1l.jpg"},{"id":1209095,"title":"Gato Galáctico e o Feitiço do Tempo","poster_path":"/pj5L9BlAQWN8y3YJsxnMAI6cVo3.jpg"},{"id":861,"title":"Total Recall","poster_path":"/wVbeL6fkbTKSmNfalj4VoAUUqJv.jpg"},{"id":5204,"title":"Kontroll","poster_path":"/aDfRQXOicnTVzRMpiMf9mU5tDXJ.jpg"},{"id":10144,"title":"The Little Mermaid","poster_path":"/plcZXvI310FkbwIptvd6rqk63LP.jpg"},{"id":272,"title":"Batman Begins","poster_path":"/4MpN4kIEqUjW8OPtOQJXlTdHiJV.jpg"},{"id":68718,"title":"Django Unchained","poster_path":"/7oWY8VDWW7thTzWh3OKYRkWUlD5.jpg"},{"id":205587,"title":"The Judge","poster_path":"/tefUxj4Gg9hgQNgfEYd7kJQrIlD.jpg"},{"id":961,"title":"The General","poster_path":"/4NmV1Wei4LxT2lpjViCAScgCZLq.jpg"},{"id":678512,"title":"Sound of Freedom","poster_path":"/kSf9svfL2WrKeuK8W08xeR5lTn8.jpg"},{"id":1374,"title":"Rocky IV","poster_path":"/2MHUit4H6OK5adcOjnCN6suCKOl.jpg"},{"id":68726,"title":"Pacific Rim","poster_path":"/8wo4eN8dWKaKlxhSvBz19uvj8gA.jpg"},{"id":334524,"title":"Gold","poster_path":"/ukMXAdr325Tn1mLGkxdG8Lab16l.jpg"},{"id":400106,"title":"Bright","poster_path":"/whkT53Sv2vKAUiknQ13pqcWaPXB.jpg"},{"id":16869,"title":"Inglourious Basterds","poster_path":"/7sfbEnaARXDDhKm0CZ7D7uc2sbo.jpg"},{"id":68635,"title":"Women in Cellblock 9","poster_path":"/c5FFvN60v6tO1iV9QDVsuGq4Tw4.jpg"},{"id":16869,"title":"Inglourious Basterds","poster_path":"/7sfbEnaARXDDhKm0CZ7D7uc2sbo.jpg"},{"id":68635,"title":"Women in Cellblock 9","poster_path":"/c5FFvN60v6tO1iV9QDVsuGq4Tw4.jpg"},{"id":72190,"title":"World War Z","poster_path":"/kocvIT68A1NoqxmQVXUqlGLAG3Q.jpg"},{"id":539972,"title":"Kraven the Hunter","poster_path":"/1GvBhRxY6MELDfxFrete6BNhBB5.jpg"},{"id":561,"title":"Constantine","poster_path":"/vPYgvd2MwHlxTamAOjwVQp4qs1W.jpg"},{"id":519465,"title":"Queen of Hearts","poster_path":"/dfFVDIgovEfQZn53VRKLV2JQnRJ.jpg"},{"id":280,"title":"Terminator 2: Judgment Day","poster_path":"/5M0j0B18abtBI5gi2RhfjjurTqb.jpg"},{"id":504148,"title":"The Serpent","poster_path":"/5OSfx8jJrjHWO9SU3Wtfd7Rs8PF.jpg"},{"id":121,"title":"The Lord of the Rings: The Two Towers","poster_path":"/5VTN0pR8gcqV3EPUHHfMGnJYN9L.jpg"},{"id":1124,"title":"The Prestige","poster_path":"/tRNlZbgNCNOpLpbPEz5L8G8A0JN.jpg"},{"id":1892,"title":"Return of the Jedi","poster_path":"/jQYlydvHm3kUix1f8prMucrplhm.jpg"},{"id":123338,"title":"Sex and Zen III","poster_path":"/aD5Pzi62wOLLh7UxnjJlQh7V67O.jpg"},{"id":114168,"title":"Perras","poster_path":"/f4sZrmACtGdUaXpWUjqfnVC2963.jpg"},{"id":501170,"title":"Doctor Sleep","poster_path":"/p69QzIBbN06aTYqRRiCOY1emNBh.jpg"},{"id":1076364,"title":"Carl's Date","poster_path":"/wakoF2UgsEE3fGs5KpuwMWsaNr2.jpg"},{"id":700979,"title":"Friend's Mothers","poster_path":"/cG1hXEWGepEqKSRe2HLL33vvPn8.jpg"},{"id":240,"title":"The Godfather Part II","poster_path":"/hek3koDUyRQk7FIhPXsa6mT2Zc3.jpg"},{"id":1273196,"title":"Jim Henson Idea Man","poster_path":"/46StgPoCAmkTbxoAu3QSb4YKIvR.jpg"},{"id":951996,"title":"The Quantum Devil","poster_path":"/9OQG9KPo7H1NO17xFo86a95UC3U.jpg"},{"id":345940,"title":"The Meg","poster_path":"/eyWICPcxOuTcDDDbTMOZawoOn8d.jpg"},{"id":61979,"title":"Three Steps Above Heaven","poster_path":"/nNoMfNPnvEzGADXDkP6eJAP81KB.jpg"},{"id":744857,"title":"When Evil Lurks","poster_path":"/iQ7G9LhP7NRRIUM4Vlai3eOxBAc.jpg"},{"id":10681,"title":"WALL·E","poster_path":"/hbhFnRzzg6ZDmm8YAmxBnQpQIPh.jpg"},{"id":102382,"title":"The Amazing Spider-Man 2","poster_path":"/c3e9e18SSlvFd1cQaGmUj5tqL5P.jpg"},{"id":414,"title":"Batman Forever","poster_path":"/mzzNBVwTiiY94xAXDMWJpNPW2US.jpg"},{"id":373571,"title":"Godzilla: King of the Monsters","poster_path":"/fQ40gmFM4p03tXwMxQQKh2cCBW4.jpg"},{"id":135397,"title":"Jurassic World","poster_path":"/A0LZHXUzo5C60Oahvt7VxvwuzHw.jpg"},{"id":395458,"title":"Suburbicon","poster_path":"/a3IHgSwO5jWPLcGjKqbQ7pxVGkq.jpg"},{"id":9802,"title":"The Rock","poster_path":"/j5mxLNWjUlXUUk8weFBtnF4afIR.jpg"},{"id":8355,"title":"Ice Age: Dawn of the Dinosaurs","poster_path":"/cXOLaxcNjNAYmEx1trZxOTKhK3Q.jpg"},{"id":820525,"title":"After Everything","poster_path":"/uQxjZGU6rxSPSMeAJPJQlmfV3ys.jpg"},{"id":20982,"title":"Naruto Shippuden the Movie","poster_path":"/vDkct38sSFSWJIATlfJw0l3QOIR.jpg"},{"id":93456,"title":"Despicable Me 2","poster_path":"/5Fh4NdoEnCjCK9wLjdJ9DJNFl2b.jpg"},{"id":1040148,"title":"Ruby Gillman, Teenage Kraken","poster_path":"/8ChIb3WzYAcza1vrXR56v510MWk.jpg"},{"id":1214314,"title":"One More Shot","poster_path":"/4XxnWZzhMC1rOzUCJpc6CzmBIQe.jpg"},{"id":642885,"title":"Hocus Pocus 2","poster_path":"/7ze7YNmUaX81ufctGqt0AgHxRtL.jpg"},{"id":18,"title":"The Fifth Element","poster_path":"/fPtlCO1yQtnoLHOwKtWz7db6RGU.jpg"},{"id":802219,"title":"Bob Marley: One Love","poster_path":"/mKWalirPreEdCKDJjc5TKeOP2xi.jpg"},{"id":614930,"title":"Teenage Mutant Ninja Turtles: Mutant Mayhem","poster_path":"/ueO9MYIOHO7M1PiMUeX74uf8fB9.jpg"},{"id":12155,"title":"Alice in Wonderland","poster_path":"/o0kre9wRCZz3jjSjaru7QU0UtFz.jpg"},{"id":566525,"title":"Shang-Chi and the Legend of the Ten Rings","poster_path":"/1BIoJGKbXjdFDAqUEiA2VHqkK1Z.jpg"},{"id":63197,"title":"Megan Is Missing","poster_path":"/a7ndLikcqvX7dF7gsYx5iDe7qq1.jpg"},{"id":169,"title":"Predator 2","poster_path":"/83X4VwY9sdSJykskmsplIVG0a4h.jpg"},{"id":75174,"title":"The Grey","poster_path":"/a0Vt3wx8ciKmPt4iXPx9sH4HBVU.jpg"},{"id":10665,"title":"The Strangers","poster_path":"/9zsA2xafNMA8BQmpQLdppLIGYAE.jpg"},{"id":376866,"title":"Jackie","poster_path":"/nF9N33PfhizMEzbfxHoxXBo2vx9.jpg"},{"id":522518,"title":"A Dog's Journey","poster_path":"/wquJChp0NpoqthYdE3YjXNNxvVC.jpg"},{"id":109145,"title":"Perfect Education 6","poster_path":"/6ANGGgoDSy8g6f6KCjA5NaLLaqG.jpg"},{"id":983526,"title":"Leave","poster_path":"/aiw8k5wXSCkueUD7eavmnNtaQFO.jpg"},{"id":868759,"title":"Ghosted","poster_path":"/liLN69YgoovHVgmlHJ876PKi5Yi.jpg"},{"id":531309,"title":"Brightburn","poster_path":"/sJWwkYc9ajwnPRSkqj8Aue5JbKz.jpg"},{"id":14,"title":"American Beauty","poster_path":"/wby9315QzVKdW9BonAefg8jGTTb.jpg"},{"id":848187,"title":"Role Play","poster_path":"/7MhXiTmTl16LwXNPbWCmqxj7UxH.jpg"},{"id":209112,"title":"Batman v Superman: Dawn of Justice","poster_path":"/5UsK3grJvtQrtzEgqNlDljJW96w.jpg"},{"id":881460,"title":"Planet Dune","poster_path":"/cPSPghn6tr6fGY6hTi78SrxBcqY.jpg"},{"id":559,"title":"Spider-Man 3","poster_path":"/qFmwhVUoUSXjkKRmca5yGDEXBIj.jpg"},{"id":185664,"title":"Nun in Rope Hell","poster_path":"/2jqTCgA6A85RZwycVwwgEuYardv.jpg"},{"id":197158,"title":"Porno","poster_path":"/bhbPSpYjsRJAK7rXqL8APK9EwBl.jpg"},{"id":324552,"title":"John Wick: Chapter 2","poster_path":"/hXWBc0ioZP3cN4zCu6SN3YHXZVO.jpg"},{"id":140607,"title":"Star Wars: The Force Awakens","poster_path":"/wqnLdwVXoBjKibFRR5U3y0aDUhs.jpg"},{"id":1927,"title":"Hulk","poster_path":"/qnngKqAcqfH2pBxDoKu5lxzSbTo.jpg"},{"id":522931,"title":"Hitman's Wife's Bodyguard","poster_path":"/6zwGWDpY8Zu0L6W4SYWERBR8Msw.jpg"},{"id":476669,"title":"The King's Man","poster_path":"/aq4Pwv5Xeuvj6HZKtxyd23e6bE9.jpg"},{"id":168259,"title":"Furious 7","poster_path":"/ktofZ9Htrjiy0P6LEowsDaxd3Ri.jpg"},{"id":254,"title":"King Kong","poster_path":"/4fNOp3itFBw7L28kAHxwRPqyZ2K.jpg"},{"id":927107,"title":"The Bricklayer","poster_path":"/36pYugctLa70NmwMEgXTR1G31Kq.jpg"},{"id":37135,"title":"Tarzan","poster_path":"/bTvHlcqiOjGa3lFtbrTLTM3zasY.jpg"},{"id":1146972,"title":"Mobile Suit Gundam SEED FREEDOM","poster_path":"/1EBnttleJaKnWWyyEqfiSn76ZjT.jpg"},{"id":57214,"title":"Project X","poster_path":"/lUPDGT3lyRrq8SvWuNWG2DP64bR.jpg"},{"id":72105,"title":"Ted","poster_path":"/1QVZXQQHCEIj8lyUhdBYd2qOYtq.jpg"},{"id":4011,"title":"Beetlejuice","poster_path":"/nnl6OWkyPpuMm595hmAxNW3rZFn.jpg"},{"id":10020,"title":"Beauty and the Beast","poster_path":"/hUJ0UvQ5tgE2Z9WpfuduVSdiCiU.jpg"},{"id":1013240,"title":"24 Hours with Gaspar","poster_path":"/8jJKM0ZR3GQo6E3CUkMKKVa4S8B.jpg"},{"id":573171,"title":"Little Eggs: A Frozen Rescue","poster_path":"/8xCO3IarklLD4tK1rPn0e4gSMoV.jpg"},{"id":920,"title":"Cars","poster_path":"/abW5AzHDaIK1n9C36VdAeOwORRA.jpg"},{"id":73835,"title":"The Paramedic","poster_path":"/i4Z1KvQ7UC4CiktHp6icTgm20hD.jpg"},{"id":920081,"title":"Megaboa","poster_path":"/sAnAMv3eyQiGI1z2k8NsvH0Y6r5.jpg"},{"id":554600,"title":"Uri: The Surgical Strike","poster_path":"/yNySAgpAnWmPpYinim9E0tUzJWG.jpg"},{"id":937249,"title":"57 Seconds","poster_path":"/dfS5qHWFuXyZQnwYREwb7N4qU5p.jpg"},{"id":3933,"title":"Corpse Bride","poster_path":"/isb2Qow76GpqYmsSyfdMfsYAjts.jpg"},{"id":335797,"title":"Sing","poster_path":"/zZTlF2eVVUkbdmccd3bNUU9T9sD.jpg"},{"id":4935,"title":"Howl's Moving Castle","poster_path":"/6pZgH10jhpToPcf0uvyTCPFhWpI.jpg"},{"id":524,"title":"Casino","poster_path":"/4TS5O1IP42bY2BvgMxL156EENy.jpg"},{"id":210577,"title":"Gone Girl","poster_path":"/lv5xShBIDPe7m4ufdlV0IAc7Avk.jpg"},{"id":335988,"title":"Transformers: The Last Knight","poster_path":"/s5HQf2Gb3lIO2cRcFwNL9sn1o1o.jpg"},{"id":1014590,"title":"Upgraded","poster_path":"/4fKjh7zJrlAcZfIfNQCDvvrT5vN.jpg"},{"id":338947,"title":"Hellraiser","poster_path":"/f9ZAIUxTTk23vo1BC9Ur1Rx5c2E.jpg"},{"id":497,"title":"The Green Mile","poster_path":"/8VG8fDNiy50H4FedGwdSVUPoaJe.jpg"},{"id":872542,"title":"Agent Game","poster_path":"/qXJFjgcV7ESRHUSxZiBA4PzRMIx.jpg"},{"id":52520,"title":"Underworld: Awakening","poster_path":"/jN0uuc8U6M3sTg9zEaliJV60Stf.jpg"},{"id":850165,"title":"The Iron Claw","poster_path":"/nfs7DCYhgrEIgxKYbITHTzKsggf.jpg"},{"id":340102,"title":"The New Mutants","poster_path":"/xZNw9xxtwbEf25NYoz52KdbXHPM.jpg"},{"id":11036,"title":"The Notebook","poster_path":"/rNzQyW4f8B8cQeg7Dgj3n6eT5k9.jpg"},{"id":560016,"title":"Monkey Man","poster_path":"/4lhR4L2vzzjl68P1zJyCH755Oz4.jpg"},{"id":1038182,"title":"Conception","poster_path":"/jyJuOtHTtsrj6lchGBVBaLAwXsq.jpg"},{"id":564,"title":"The Mummy","poster_path":"/yhIsVvcUm7QxzLfT6HW2wLf5ajY.jpg"},{"id":951546,"title":"Reign of Chaos","poster_path":"/nTMmpvR9TyV631tpFr4FtYxG0FC.jpg"},{"id":10191,"title":"How to Train Your Dragon","poster_path":"/ygGmAO60t8GyqUo9xYeYxSZAR3b.jpg"},{"id":1022690,"title":"Ricky Stanicky","poster_path":"/cEuX73Q1wpMypB1cr4l3MoMGpL4.jpg"},{"id":546554,"title":"Knives Out","poster_path":"/pThyQovXQrw2m0s9x82twj48Jq4.jpg"},{"id":1022690,"title":"Ricky Stanicky","poster_path":"/cEuX73Q1wpMypB1cr4l3MoMGpL4.jpg"},{"id":546554,"title":"Knives Out","poster_path":"/pThyQovXQrw2m0s9x82twj48Jq4.jpg"},{"id":453405,"title":"Gemini Man","poster_path":"/uTALxjQU8e1lhmNjP9nnJ3t2pRU.jpg"},{"id":567609,"title":"Ready or Not","poster_path":"/vOl6shtL0wknjaIs6JdKCpcHvg8.jpg"},{"id":1183905,"title":"Trunk - Locked In","poster_path":"/znbGgoqcQB0pxoTSO5imfALWOk3.jpg"},{"id":458156,"title":"John Wick: Chapter 3 - Parabellum","poster_path":"/ziEuG1essDuWuC5lpWUaw1uXY2O.jpg"},{"id":6479,"title":"I Am Legend","poster_path":"/iPDkaSdKk2jRLTM65UOEoKtsIZ8.jpg"},{"id":877013,"title":"Hell Hath No Fury","poster_path":"/wltdRZfeKDux9yKThlGKwjWhUil.jpg"},{"id":407448,"title":"Detroit","poster_path":"/tmCt2hy9QoFHft3UcHwpGX2Sihl.jpg"},{"id":528656,"title":"Genghis Khan","poster_path":"/FgFoX4wlZUT31ErGGzVnNlh8U3.jpg"},{"id":1174385,"title":"Triple Oh!","poster_path":"/qnE7f6Bea3DW21X6wEGKuWFZW2E.jpg"},{"id":9513,"title":"Garfield: A Tail of Two Kitties","poster_path":"/osfMaHucgLtHtsMa6TQLTooE3G7.jpg"},{"id":395834,"title":"Wind River","poster_path":"/pySivdR845Hom4u4T2WNkJxe6Ad.jpg"},{"id":270303,"title":"It Follows","poster_path":"/iwnQ1JH1wdWrGYkgWySptJ5284A.jpg"},{"id":953,"title":"Madagascar","poster_path":"/zMpJY5CJKUufG9OTw0In4eAFqPX.jpg"},{"id":7445,"title":"Brothers","poster_path":"/skHqceAFYee0JZuYd9MVk2IQggi.jpg"},{"id":891636,"title":"Fireworks","poster_path":"/hFhB27AAPTJNqwDOCnidOiGNZZ3.jpg"},{"id":8467,"title":"Dumb and Dumber","poster_path":"/4LdpBXiCyGKkR8FGHgjKlphrfUc.jpg"},{"id":609768,"title":"Dear David","poster_path":"/kT5tsoIWnXlLBaeOfkoso11dUgB.jpg"},{"id":793602,"title":"Favorite Concubine","poster_path":"/gGyQhfdqw9saOAlYHz4sxJO9Ot.jpg"},{"id":467407,"title":"Kokoro to Karada","poster_path":"/tJSNalCgcqfI8mbI5xFveJGTQDv.jpg"},{"id":810,"title":"Shrek the Third","poster_path":"/n4SexGGQzI26E269tfpa80MZaGV.jpg"},{"id":1375,"title":"Rocky V","poster_path":"/o1nY37L6HC9hwlLSH5sHVzvXt1P.jpg"},{"id":109418,"title":"Grown Ups 2","poster_path":"/hT6ijOtjtYrnyDhN7VA2QWyGFAm.jpg"},{"id":10693,"title":"Peter Pan","poster_path":"/fJJOs1iyrhKfZceANxoPxPwNGF1.jpg"},{"id":338953,"title":"Fantastic Beasts: The Secrets of Dumbledore","poster_path":"/jrgifaYeUtTnaH7NF5Drkgjg2MB.jpg"},{"id":724209,"title":"Heart of Stone","poster_path":"/vB8o2p4ETnrfiWEgVxHmHWP9yRl.jpg"},{"id":8009,"title":"Highlander","poster_path":"/8Z8dptJEypuLoOQro1WugD855YE.jpg"},{"id":593910,"title":"Cinderella","poster_path":"/clDFqATL4zcE7LzUwkrVj3zHvk7.jpg"},{"id":840889,"title":"Stopmotion","poster_path":"/kWzWZEctPcZ0dATbtcYy6lIJgGj.jpg"},{"id":325358,"title":"Superfast!","poster_path":"/iuIWl90qCpoxv6g775JB6Kg0m86.jpg"},{"id":818647,"title":"Through My Window","poster_path":"/jmkpZvMVIRrMFevxzOubSBfG0s0.jpg"},{"id":370663,"title":"Below Her Mouth","poster_path":"/nTGbq37hYLuNy7YgMg0gVLma0NS.jpg"},{"id":602,"title":"Independence Day","poster_path":"/p0BPQGSPoSa8Ml0DAf2mB2kCU0R.jpg"},{"id":126963,"title":"Dragon Ball Z: Battle of Gods","poster_path":"/nxZEdYcHMuD8SSuwusDnK9CD2H1.jpg"},{"id":5175,"title":"Rush Hour 2","poster_path":"/aBQf2vMiCINeVC9v6BGVYKXurTh.jpg"},{"id":406759,"title":"Moonfall","poster_path":"/odVv1sqVs0KxBXiA8bhIBlPgalx.jpg"},{"id":522,"title":"Ed Wood","poster_path":"/n8SrO3WbyuY2b6KazogqbQF348C.jpg"},{"id":8810,"title":"Mad Max 2","poster_path":"/dhVekfpaCW3QavAwGYbaQig87Xc.jpg"},{"id":9289,"title":"The Longest Day","poster_path":"/5zmvEofdIlgXrQl9A7e5IOzlnFU.jpg"},{"id":851925,"title":"Death Alley","poster_path":"/iIKYK9mdapWlJ21YNRGB57WKErK.jpg"},{"id":262500,"title":"Insurgent","poster_path":"/dP5Fb6YRfzmCQtRbHOr2kO7tJW9.jpg"},{"id":398978,"title":"The Irishman","poster_path":"/mbm8k3GFhXS0ROd9AD1gqYbIFbM.jpg"},{"id":483685,"title":"Tokyo Ghoul: Jack","poster_path":"/1JjfOrZQAmdsR9bPKlwmL6u0eaG.jpg"},{"id":910,"title":"The Big Sleep","poster_path":"/lraHo9D8c0YWfxsKqT5P5sVqMKN.jpg"},{"id":459151,"title":"The Boss Baby: Family Business","poster_path":"/kv2Qk9MKFFQo4WQPaYta599HkJP.jpg"},{"id":378236,"title":"The Emoji Movie","poster_path":"/f5pF4OYzh4wb1dYL2ARQNdqUsEZ.jpg"},{"id":298250,"title":"Jigsaw","poster_path":"/swSFDqNIZwT4M9AQn5zQSXuZfTw.jpg"},{"id":49521,"title":"Man of Steel","poster_path":"/dksTL9NXc3GqPBRHYHcy1aIwjS.jpg"},{"id":675445,"title":"PAW Patrol: The Movie","poster_path":"/ic0intvXZSfBlYPIvWXpU1ivUCO.jpg"},{"id":2105,"title":"American Pie","poster_path":"/n0nglZOU2uLMAwf1glc6dEWvojC.jpg"},{"id":353081,"title":"Mission: Impossible - Fallout","poster_path":"/AkJQpZp9WoNdj7pLYSj1L0RcMMN.jpg"},{"id":190859,"title":"American Sniper","poster_path":"/i1U46OwMc6vlm7OoSUKfqUH615e.jpg"},{"id":505292,"title":"Youthful Older Sister","poster_path":"/e2uKsBgakda3XyHKCLPcUfKsmFw.jpg"},{"id":985932,"title":"Virgin Forest","poster_path":"/6JsAHnDolJDCid4vCUO0JsSy997.jpg"},{"id":260513,"title":"Incredibles 2","poster_path":"/9lFKBtaVIhP7E2Pk0IY1CwTKTMZ.jpg"},{"id":1053592,"title":"All the Names of God","poster_path":"/n15gfcgwV0LVPSobrayZcFHcwN6.jpg"},{"id":50270,"title":"Paprika","poster_path":"/7d8VB7xZcsjClsE6JaUr8BCbkCh.jpg"},{"id":1211957,"title":"The Painter","poster_path":"/UZ0ydgbXtnrq8xZCI5lHVXVcH9.jpg"},{"id":1547,"title":"The Lost Boys","poster_path":"/nH1lvyQvfbL5GKScTtT6zkIvDEn.jpg"},{"id":166428,"title":"How to Train Your Dragon: The Hidden World","poster_path":"/xvx4Yhf0DVH8G4LzNISpMfFBDy2.jpg"},{"id":283995,"title":"Guardians of the Galaxy Vol. 2","poster_path":"/y4MBh0EjBlMuOzv9axM4qJlmhzz.jpg"},{"id":500475,"title":"SuperFly","poster_path":"/gGk9H5PVpWzbsYkmnBeKevQkwwf.jpg"},{"id":804095,"title":"The Fabelmans","poster_path":"/h7llKkqkkJtJrTOaDLuVeUYDQ7I.jpg"},{"id":18491,"title":"Neon Genesis Evangelion: The End of Evangelion","poster_path":"/j6G24dqI4WgUtChhWjfnI4lnmiK.jpg"},{"id":5123,"title":"August Rush","poster_path":"/oA6ZeICPINiS6YtD5WZeBaGVmuT.jpg"},{"id":372058,"title":"Your Name.","poster_path":"/q719jXXEzOoYaps6babgKnONONX.jpg"},{"id":10198,"title":"The Princess and the Frog","poster_path":"/v6nAUs62OJ4DXmnnmPFeVmMz8H9.jpg"},{"id":337404,"title":"Cruella","poster_path":"/wToO8opxkGwKgSfJ1JK8tGvkG6U.jpg"},{"id":939243,"title":"Sonic the Hedgehog 3","poster_path":"/lTSk96xOzkey91jWJFjwpWtfs4P.jpg"},{"id":1216512,"title":"The Casagrandes Movie","poster_path":"/1ZHetsKD44xB63ZjTjqryC0CtoL.jpg"},{"id":679,"title":"Aliens","poster_path":"/r1x5JGpyqZU8PYhbs4UcrO1Xb6x.jpg"},{"id":82690,"title":"Wreck-It Ralph","poster_path":"/zWoIgZ7mgmPkaZjG0102BSKFIqQ.jpg"},{"id":527774,"title":"Raya and the Last Dragon","poster_path":"/lPsD10PP4rgUGiGR4CCXA6iY0QQ.jpg"},{"id":567797,"title":"The Dry","poster_path":"/zM12bfL2TEqVRXjiQIFUWUMLcCg.jpg"},{"id":1108658,"title":"The Shift","poster_path":"/voLxg0emuu862JAgFwM4yTH3eGj.jpg"},{"id":38147,"title":"Oh, God! Book II","poster_path":"/x73T2sO9vTfTI3fDoEgSmxNWIuz.jpg"},{"id":351286,"title":"Jurassic World: Fallen Kingdom","poster_path":"/XiyoA8Kk87UQ4svKRCRWepjIzf.jpg"},{"id":639933,"title":"The Northman","poster_path":"/aSSJMnHknzKjlZ6zybwD7eyJ4Po.jpg"},{"id":9003,"title":"Hellraiser","poster_path":"/3Z0oPHyLnk3Vx6ZMC1MiVwIrKhO.jpg"},{"id":9003,"title":"Hellraiser","poster_path":"/3Z0oPHyLnk3Vx6ZMC1MiVwIrKhO.jpg"},{"id":522402,"title":"Finch","poster_path":"/jKuDyqx7jrjiR9cDzB5pxzhJAdv.jpg"},{"id":32629,"title":"A Chinese Torture Chamber Story","poster_path":"/esLJg26gpwQ6sLY5eQufVCLpljV.jpg"},{"id":402900,"title":"Ocean's Eight","poster_path":"/MvYpKlpFukTivnlBhizGbkAe3v.jpg"},{"id":968868,"title":"Pretty Guardian Sailor Moon Cosmos the Movie Part 1","poster_path":"/qhuZYgs3OVncUoRSlXZGlWtz2nL.jpg"},{"id":10193,"title":"Toy Story 3","poster_path":"/AbbXspMOwdvwWZgVN0nabZq03Ec.jpg"},{"id":522478,"title":"Peter Rabbit 2: The Runaway","poster_path":"/cycDz68DtTjJrDJ1fV8EBq2Xdpb.jpg"},{"id":51540,"title":"Horrible Bosses","poster_path":"/uQkUwgyFHAm0jGQERPG6Z9o9Zbj.jpg"},{"id":262504,"title":"Allegiant","poster_path":"/ijpRQOwZzGy0vb3Uqmk2Naug1C0.jpg"},{"id":290859,"title":"Terminator: Dark Fate","poster_path":"/vqzNJRH4YyquRiWxCCOH0aXggHI.jpg"},{"id":242,"title":"The Godfather Part III","poster_path":"/lm3pQ2QoQ16pextRsmnUbG2onES.jpg"},{"id":150689,"title":"Cinderella","poster_path":"/j91LJmcWo16CArFOoapsz84bwxb.jpg"},{"id":20766,"title":"The Road","poster_path":"/qLaXnLzqleBWQtjvZ6JGVSaKoC3.jpg"},{"id":49444,"title":"Kung Fu Panda 2","poster_path":"/mtqqD00vB4PGRt20gWtGqFhrkd0.jpg"},{"id":11224,"title":"Cinderella","poster_path":"/avz6S9HYWs4O8Oe4PenBFNX4uDi.jpg"},{"id":1893,"title":"Star Wars: Episode I - The Phantom Menace","poster_path":"/x5jfgaL2N3TpwUNuMwkfQi6Jev8.jpg"},{"id":345938,"title":"The Shack","poster_path":"/doAzav9kfdtsoSdw1MDFvjKq3J4.jpg"},{"id":396422,"title":"Annabelle: Creation","poster_path":"/tb86j8jVCVsdZnzf8I6cIi65IeM.jpg"},{"id":13313,"title":"Beauty and the Beast: The Enchanted Christmas","poster_path":"/qxtpbcbf6KEIHzLetWZOVGJT2lv.jpg"},{"id":76338,"title":"Thor: The Dark World","poster_path":"/wp6OxE4poJ4G7c0U2ZIXasTSMR7.jpg"},{"id":636706,"title":"Spaceman","poster_path":"/f46WvKEsBn98WJbPJcO47ZoKn6B.jpg"},{"id":594767,"title":"Shazam! Fury of the Gods","poster_path":"/A3ZbZsmsvNGdprRi2lKgGEeVLEH.jpg"},{"id":988078,"title":"Through My Window: Across the Sea","poster_path":"/6GyzbZf1MsXfrDWTnNXrzwr6G9q.jpg"},{"id":384527,"title":"Dolce... calda Lisa","poster_path":"/ryoW5ONsA1t8bvsxJK2F6LVyVXK.jpg"},{"id":10625,"title":"Mean Girls","poster_path":"/fXm3YKXAEjx7d2tIWDg9TfRZtsU.jpg"},{"id":417320,"title":"Descendants 2","poster_path":"/qoNlGfQmFZ37Gf5fRBaCTLlOZtx.jpg"},{"id":934194,"title":"Slash/Back","poster_path":"/fmmRFQtsRrNOpmcfoxVIyE1LxxT.jpg"},{"id":857,"title":"Saving Private Ryan","poster_path":"/uqx37cS8cpHg8U35f9U5IBlrCV3.jpg"},{"id":1209770,"title":"Bedspacer","poster_path":"/5LJ9V0KBPwdV0uflsddMrX4Ll3v.jpg"},{"id":619264,"title":"The Platform","poster_path":"/8ZX18L5m6rH5viSYpRnTSbb9eXh.jpg"},{"id":774825,"title":"The Ice Age Adventures of Buck Wild","poster_path":"/zzXFM4FKDG7l1ufrAkwQYv2xvnh.jpg"},{"id":540901,"title":"Hustlers","poster_path":"/zBhv8rsLOfpFW2M5b6wW78Uoojs.jpg"},{"id":345887,"title":"The Equalizer 2","poster_path":"/cQvc9N6JiMVKqol3wcYrGshsIdZ.jpg"},{"id":39323,"title":"Dragon Ball Z: Bardock - The Father of Goku","poster_path":"/83BFmLVgUWXQIwO2Jo5CaHo5bij.jpg"},{"id":442249,"title":"The First Purge","poster_path":"/litjsBoiydO6JlO70uOX4N3WnNL.jpg"},{"id":44833,"title":"Battleship","poster_path":"/9b0Im7SfedHiajTwzSL9zGyBI7M.jpg"},{"id":588524,"title":"Nina and the Hedgehog's Secret","poster_path":"/pTcu3kpwwDaqps600BECW3g16hw.jpg"},{"id":840326,"title":"Sisu","poster_path":"/ygO9lowFMXWymATCrhoQXd6gCEh.jpg"},{"id":46195,"title":"Rio","poster_path":"/4nJxhUknKV8Gqdhov8pU1YWDYfb.jpg"},{"id":964960,"title":"The Taste of Things","poster_path":"/mmMc875bREz7XXbmSDhfBqcCSBA.jpg"},{"id":1153166,"title":"Pilecki's Report","poster_path":"/iF2QomEVHtiCClCRQGWoj7Fmv1q.jpg"},{"id":1417,"title":"Pan's Labyrinth","poster_path":"/s8C4whhKtDaJvMDcyiMvx3BIF5F.jpg"},{"id":346910,"title":"The Predator","poster_path":"/a3eWGF6YPF7No5Rbtjc8QpDvz7l.jpg"},{"id":423,"title":"The Pianist","poster_path":"/2hFvxCCWrTmCYwfy7yum0GKRi3Y.jpg"},{"id":287649,"title":"Scarlet Innocence","poster_path":"/ejaHQQKp5J2tD6ubprDMmIRGKnE.jpg"},{"id":415,"title":"Batman & Robin","poster_path":"/cGRDufDDSrFrv7VI4YnmWnslne0.jpg"},{"id":525661,"title":"Bombshell","poster_path":"/gbPfvwBqbiHpQkYZQvVwB6MVauV.jpg"},{"id":166426,"title":"Pirates of the Caribbean: Dead Men Tell No Tales","poster_path":"/qwoGfcg6YUS55nUweKGujHE54Wy.jpg"},{"id":694,"title":"The Shining","poster_path":"/9PtPnOJSH6pewElRlJPGqC5Gd3W.jpg"},{"id":384843,"title":"Temptation of Angel","poster_path":"/2vDybKQZE95aXnuvTQH6NYUrZWN.jpg"},{"id":246655,"title":"X-Men: Apocalypse","poster_path":"/2mtQwJKVKQrZgTz49Dizb25eOQQ.jpg"},{"id":37165,"title":"The Truman Show","poster_path":"/vuza0WqY239yBXOadKlGwJsZJFE.jpg"},{"id":652,"title":"Troy","poster_path":"/a07wLy4ONfpsjnBqMwhlWTJTcm.jpg"},{"id":628922,"title":"Asphalt City","poster_path":"/lYXbekqKC3sMLOyb2r5KixkGny1.jpg"},{"id":49051,"title":"The Hobbit: An Unexpected Journey","poster_path":"/yHA9Fc37VmpUA5UncTxxo3rTGVA.jpg"},{"id":947514,"title":"SLR","poster_path":"/mHQDLK9DZ5lULet8GhXYumd85p7.jpg"},{"id":67395,"title":"L.E.T.H.A.L. Ladies: Return to Savage Beach","poster_path":"/9z3hdYnDdfWGKD55kdDmshDojeP.jpg"},{"id":718821,"title":"Twisters","poster_path":"/pjnD08FlMAIXsfOLKQbvmO0f0MD.jpg"},{"id":514439,"title":"Breakthrough","poster_path":"/t58dx7JIgchr9If5uxn3NmHaHoS.jpg"},{"id":57800,"title":"Ice Age: Continental Drift","poster_path":"/dfp1BZF7FxbBUyzHvMOI9t8NWDD.jpg"},{"id":937746,"title":"Io Capitano","poster_path":"/arh0pfq8PfyLfob4ymMz8kzrVFR.jpg"},{"id":523931,"title":"Megalodon","poster_path":"/hES2eVAbVt08JJTqgu3jmI34Yxx.jpg"},{"id":613504,"title":"After We Collided","poster_path":"/kiX7UYfOpYrMFSAGbI6j1pFkLzQ.jpg"},{"id":1052158,"title":"Monsternado","poster_path":"/txA4srjcxa4HiWEaMyrNtWHbR5a.jpg"},{"id":1134562,"title":"The Woman Under the Stage","poster_path":"/rtY8H5r35MRaWTgylrf9j1waKWi.jpg"},{"id":11970,"title":"Hercules","poster_path":"/dK9rNoC97tgX3xXg5zdxFisdfcp.jpg"},{"id":10882,"title":"Sleeping Beauty","poster_path":"/7sz7nHeibbk7IOTHWHC6r6pttUu.jpg"},{"id":545609,"title":"Extraction","poster_path":"/nygOUcBKPHFTbxsYRFZVePqgPK6.jpg"},{"id":9355,"title":"Mad Max Beyond Thunderdome","poster_path":"/jJlxcEVVUHnrUeEkQ0077VeHQpb.jpg"},{"id":10195,"title":"Thor","poster_path":"/prSfAi1xGrhLQNxVSUFh61xQ4Qy.jpg"},{"id":223702,"title":"Sausage Party","poster_path":"/vNgdPJQ5CI60oEiiHLKRNrsDhMy.jpg"},{"id":517302,"title":"Hatching","poster_path":"/jgJACjJIpcbFfEEmEglinfQWQPO.jpg"},{"id":24238,"title":"Mary and Max","poster_path":"/ebmsM382m9IClLUzKYY2U5biFwM.jpg"},{"id":401981,"title":"Red Sparrow","poster_path":"/vLCogyfQGxVLDC1gqUdNAIkc29L.jpg"},{"id":50268,"title":"Love & Passion","poster_path":"/qR0eJXO5tb9ZmBWaRQTTR0FtiSf.jpg"},{"id":1247227,"title":"Las Pequeñas Cosas","poster_path":"/5acAWyCPxAR7Q2s3sPEGiwkIjiw.jpg"},{"id":140300,"title":"Kung Fu Panda 3","poster_path":"/oajNi4Su39WAByHI6EONu8G8HYn.jpg"},{"id":9532,"title":"Final Destination","poster_path":"/1mXhlQMnlfvJ2frxTjZSQNnA9Vp.jpg"},{"id":341174,"title":"Fifty Shades Darker","poster_path":"/7CBO9GhsUeMSsWQb47WTPZnKjdj.jpg"},{"id":303857,"title":"Dragon Ball Z: Resurrection 'F'","poster_path":"/soq3AxjALdBfdPAm8H7yuMmNL5Y.jpg"},{"id":303857,"title":"Dragon Ball Z: Resurrection 'F'","poster_path":"/soq3AxjALdBfdPAm8H7yuMmNL5Y.jpg"},{"id":916224,"title":"Suzume","poster_path":"/oNbCAM3UVJamxRFd5hUt686aqb2.jpg"},{"id":1076487,"title":"Warhorse One","poster_path":"/jP2ik17jvKiV5sGEknMFbZv7WAe.jpg"},{"id":587727,"title":"Busty Girlfriend","poster_path":"/f6PfAXtFEkJRcBtOjbzOgz8qqSK.jpg"},{"id":424,"title":"Schindler's List","poster_path":"/sF1U4EUQS8YHUYjNl3pMGNIQyr0.jpg"},{"id":26515,"title":"Pumpkinhead","poster_path":"/gx7Gej5Srp3E13oqy1Kghtox2VZ.jpg"},{"id":50723,"title":"Naruto Shippuden the Movie: The Lost Tower","poster_path":"/6e2YvN1tQK4xQHlmy7GJTuXOt2u.jpg"},{"id":954,"title":"Mission: Impossible","poster_path":"/l5uxY5m5OInWpcExIpKG6AR3rgL.jpg"},{"id":455476,"title":"Knights of the Zodiac","poster_path":"/qW4crfED8mpNDadSmMdi7ZDzhXF.jpg"},{"id":473924,"title":"Reunion Goals: The Beginning","poster_path":"/sqJD8nD2zjRaENBsdcqwpJiSGXj.jpg"},{"id":50646,"title":"Crazy, Stupid, Love.","poster_path":"/p4RafgAPk558muOjnBMHhMArjS2.jpg"},{"id":968441,"title":"Música","poster_path":"/kUX5ourGUJDG0yvEeS3uooZS0dS.jpg"},{"id":359724,"title":"Ford v Ferrari","poster_path":"/dR1Ju50iudrOh3YgfwkAU1g2HZe.jpg"},{"id":522681,"title":"Escape Room","poster_path":"/8Ls1tZ6qjGzfGHjBB7ihOnf7f0b.jpg"},{"id":277217,"title":"Descendants","poster_path":"/65DkgHPSLVjgr6IYkpY9Aqqqid5.jpg"},{"id":51876,"title":"Limitless","poster_path":"/hv5JMCrMVLvV6HKPf9FcBuyk2MG.jpg"},{"id":111972,"title":"Hibla","poster_path":"/6KZa9lwUT75xysfvm1NqY78sQSs.jpg"},{"id":532794,"title":"Sex Plate 17","poster_path":"/tA9MDNieaa5vhbOs7aY3aQr5fZ5.jpg"},{"id":610150,"title":"Dragon Ball Super: Super Hero","poster_path":"/pi0iZOEHeA3ih4p1IwAG4x2DZNH.jpg"},{"id":646389,"title":"Plane","poster_path":"/qi9r5xBgcc9KTxlOLjssEbDgO0J.jpg"},{"id":371608,"title":"The Strangers: Prey at Night","poster_path":"/vdxLpPsZkPZdFrREp7eSeSzcimj.jpg"},{"id":1108427,"title":"Moana","poster_path":"/ys0jZr0quHERDUEoCboGQEKPvgQ.jpg"},{"id":9598,"title":"Babe","poster_path":"/zKuQMtnbVTz9DsOnOJmlW71v4qH.jpg"},{"id":801335,"title":"Girl in the Basement","poster_path":"/qmddUxRwbsxHa7oEXm4PWh1KZe8.jpg"},{"id":411088,"title":"The Invisible Guest","poster_path":"/fptnZJbLzKUHeNlYrAynbyoL5YJ.jpg"},{"id":98566,"title":"Teenage Mutant Ninja Turtles","poster_path":"/azL2ThbJMIkts3ZMt3j1YgBUeDB.jpg"},{"id":891699,"title":"Silent Night","poster_path":"/nJCP1ZNTPKlZ7S0Kv3gbmuraAT4.jpg"},{"id":351523,"title":"Purpose of Reunion","poster_path":"/AjlwGaT6tDs2fBIgFaepYiDhL6A.jpg"},{"id":1635,"title":"The Island","poster_path":"/n4HyHxnKCJG8SbqeLEK1nU5JbIR.jpg"},{"id":254128,"title":"San Andreas","poster_path":"/2Gfjn962aaFSD6eST6QU3oLDZTo.jpg"},{"id":756999,"title":"The Black Phone","poster_path":"/lr11mCT85T1JanlgjMuhs9nMht4.jpg"},{"id":812,"title":"Aladdin","poster_path":"/oakAd8syy7jNQ4ZoaAGCQkTqcOV.jpg"},{"id":454626,"title":"Sonic the Hedgehog","poster_path":"/aQvJ5WPzZgYVDrxLX4R6cLJCEaQ.jpg"},{"id":1227780,"title":"Prom Dates","poster_path":"/ojWiV81GldQSrBjY2izkayPSN05.jpg"},{"id":522927,"title":"The Forgiven","poster_path":"/bH7eN8VfKar0fDeAX1Vkryp7dYC.jpg"},{"id":522241,"title":"The Courier","poster_path":"/zFIjKtZrzhmc7HecdFXXjsLR2Ig.jpg"},{"id":1081593,"title":"Housekeeping for Beginners","poster_path":"/fXg7Avh7eQzkeasMqwGiDxlQRqi.jpg"},{"id":52449,"title":"Bad Teacher","poster_path":"/zpIY4qUSX91J9XpPgr0hFrk1eKr.jpg"},{"id":516806,"title":"Last Sentinel","poster_path":"/pD1o9B0ibENdNroYrBCQemG2jnr.jpg"},{"id":44896,"title":"Rango","poster_path":"/vGujQOfGIaZx5UWxf9JdNEOxl7B.jpg"},{"id":566810,"title":"The Dark Kingdom","poster_path":"/4kWGZYrTqBRsPIsnZmV3DzJtTi9.jpg"},{"id":51482,"title":"Death Note Relight 1: Visions of a God","poster_path":"/bB22CJM8arCCRvjFedmH5qtsbHb.jpg"},{"id":945961,"title":"Alien: Romulus","poster_path":"/AcT2wdiCLwRSLy7dHIwHwycxxM5.jpg"},{"id":11351,"title":"Jeepers Creepers 2","poster_path":"/u2ghDfjcs3y5c8ata3COc4pWiAN.jpg"},{"id":241848,"title":"The Guest","poster_path":"/6zyl8uGWYjcCb8CJVMk7BZK0SfU.jpg"},{"id":9423,"title":"Virus","poster_path":"/5Np88iigCfnXvMlMKmCcbPVIbYQ.jpg"},{"id":842675,"title":"The Wandering Earth II","poster_path":"/jAZzFYS36UFT0SKhKVmEY7qShal.jpg"},{"id":9353,"title":"Nacho Libre","poster_path":"/kh7B91bMl2lZ0mH9WhPfaNUIEQH.jpg"},{"id":10764,"title":"Quantum of Solace","poster_path":"/e3DXXLJHGqMx9yYpXsql1XNljmM.jpg"},{"id":934433,"title":"Scream VI","poster_path":"/wDWwtvkRRlgTiUr6TyLSMX8FCuZ.jpg"},{"id":529203,"title":"The Croods: A New Age","poster_path":"/tbVZ3Sq88dZaCANlUcewQuHQOaE.jpg"},{"id":122906,"title":"About Time","poster_path":"/iR1bVfURbN7r1C46WHFbwCkVve.jpg"},{"id":514999,"title":"Murder Mystery","poster_path":"/bSMSO9xupd4R4vwTPqigHn2quLN.jpg"},{"id":509635,"title":"Alone","poster_path":"/n9OzZmPMnVrV0cMQ7amX0DtBkQH.jpg"},{"id":28468,"title":"The Key","poster_path":"/e6g2geNLgFzMbriH6EvSJZD78nx.jpg"},{"id":614479,"title":"Insidious: The Red Door","poster_path":"/uS1AIL7I1Ycgs8PTfqUeN6jYNsQ.jpg"},{"id":960481,"title":"The Warrior Princess","poster_path":"/gmfPD15AR0FXyNTQE19TbuJNrwu.jpg"},{"id":792,"title":"Platoon","poster_path":"/m3mmFkPQKvPZq5exmh0bDuXlD9T.jpg"},{"id":1128606,"title":"Snoopy Presents: Welcome Home, Franklin","poster_path":"/pjIrYzc31kHTySiovHAt0o3qDc2.jpg"},{"id":49026,"title":"The Dark Knight Rises","poster_path":"/hr0L2aueqlP2BYUblTTjmtn0hw4.jpg"},{"id":49026,"title":"The Dark Knight Rises","poster_path":"/hr0L2aueqlP2BYUblTTjmtn0hw4.jpg"},{"id":619979,"title":"Deep Water","poster_path":"/6yRMyWwjuhKg6IU66uiZIGhaSc8.jpg"},{"id":744,"title":"Top Gun","poster_path":"/xUuHj3CgmZQ9P2cMaqQs4J0d4Zc.jpg"},{"id":1063549,"title":"Gaga Chromatica Ball","poster_path":"/8uWhPiEcMDI8XelSmfTobTmPyA1.jpg"},{"id":437557,"title":"Blockers","poster_path":"/uvlUQXg0AlpGzKukO11K7QtW3Yu.jpg"},{"id":337339,"title":"The Fate of the Furious","poster_path":"/dImWM7GJqryWJO9LHa3XQ8DD5NH.jpg"},{"id":508763,"title":"A Dog's Way Home","poster_path":"/pZn87R7gtmMCGGO8KeaAfZDhXLg.jpg"},{"id":1038392,"title":"The Conjuring: Last Rites","poster_path":"/38eo8njAYnMejGKoYHwvHxibHJZ.jpg"},{"id":930094,"title":"Red, White & Royal Blue","poster_path":"/dD3vhyDRCCT90hf4rldHU6Wu3Va.jpg"},{"id":945675,"title":"One Week Friends","poster_path":"/wjYcNLVwFpSAGAPKgo0NIwhfWJS.jpg"},{"id":412656,"title":"Chaos Walking","poster_path":"/6FzOcNh6hdn9MNsuqpR6o9jCucM.jpg"},{"id":50839,"title":"Margin Call","poster_path":"/pgMIdInSIGw0uSory7yEBFGrvIS.jpg"},{"id":607,"title":"Men in Black","poster_path":"/uLOmOF5IzWoyrgIF5MfUnh5pa1X.jpg"},{"id":9381,"title":"Babylon A.D.","poster_path":"/kt9nqD0uOar8IVE9191HXhWOXKI.jpg"},{"id":6844,"title":"The Ten Commandments","poster_path":"/stSpFp2NUJMGhIyndqwBi9WE9y9.jpg"},{"id":793,"title":"Blue Velvet","poster_path":"/7hlgzJXLgyECS1mk3LSN3E72l5N.jpg"},{"id":62211,"title":"Monsters University","poster_path":"/y7thwJ7z5Bplv6vwl6RI0yteaDD.jpg"},{"id":324852,"title":"Despicable Me 3","poster_path":"/6t3YWl7hrr88lCEFlGVqW5yV99R.jpg"},{"id":508965,"title":"Klaus","poster_path":"/q125RHUDgR4gjwh1QkfYuJLYkL.jpg"},{"id":495764,"title":"Birds of Prey (and the Fantabulous Emancipation of One Harley Quinn)","poster_path":"/h4VB6m0RwcicVEZvzftYZyKXs6K.jpg"},{"id":629014,"title":"Promare / Side: Galo","poster_path":"/lrL6O2kRNa48yhSl7GTouptu7sY.jpg"},{"id":799710,"title":"The Wild","poster_path":"/t9GEcmN1ihe4qsGmhIEGvHT9ywY.jpg"},{"id":253935,"title":"Emmanuelle 7","poster_path":"/gPW6G05OtNJsGDKmFZDmhuyQMbJ.jpg"},{"id":327331,"title":"The Dirt","poster_path":"/xGY5rr8441ib0lT9mtHZn7e8Aay.jpg"},{"id":645992,"title":"Three Robbers and a Lion","poster_path":"/trEe8yRZvMvQQD61tBrCAD6sqaB.jpg"},{"id":399579,"title":"Alita: Battle Angel","poster_path":"/xRWht48C2V8XNfzvPehyClOvDni.jpg"},{"id":906126,"title":"Society of the Snow","poster_path":"/2e853FDVSIso600RqAMunPxiZjq.jpg"},{"id":18239,"title":"The Twilight Saga: New Moon","poster_path":"/k2qTooPlHffgNABNWxeJdGMglPK.jpg"},{"id":9426,"title":"The Fly","poster_path":"/8gZWMhJHRvaXdXsNhERtqNHYpH3.jpg"},{"id":348893,"title":"Boyka: Undisputed IV","poster_path":"/7QGdIJWWTkPhVjpQ0zA6z69khod.jpg"},{"id":319,"title":"True Romance","poster_path":"/39lXk6ud6KiJgGbbWI2PUKS7y2.jpg"},{"id":626289,"title":"O Filho do Homem","poster_path":"/o8X5UcK3rehyxmslzjJuGT9xjWu.jpg"},{"id":270946,"title":"Penguins of Madagascar","poster_path":"/dXbpNrPDZDMEbujFoOxmMNQVMHa.jpg"},{"id":43347,"title":"Love & Other Drugs","poster_path":"/wZLM2uKJRYNchLmiCIjosX0rXy8.jpg"},{"id":512,"title":"Scoop","poster_path":"/aHvZYoQNRTMrfs46pj64b9GrbaK.jpg"},{"id":688569,"title":"Married Nurse - Soft Skin Dedication","poster_path":"/eZ6aKusRWQ0omnPYEWwaaOzzEBe.jpg"},{"id":429,"title":"The Good, the Bad and the Ugly","poster_path":"/bX2xnavhMYjWDoZp1VM6VnU1xwe.jpg"},{"id":263472,"title":"Knock Knock","poster_path":"/cUC4rUb1Cs2KMaZ6RD4uYUEEwls.jpg"},{"id":10494,"title":"Perfect Blue","poster_path":"/6WTiOCfDPP8XV4jqfloiVWf7KHq.jpg"},{"id":521777,"title":"Good Boys","poster_path":"/tximyCXMEnWIIyOy9STkOduUprG.jpg"}]